--
-- Database: `cursus`
--
CREATE DATABASE IF NOT EXISTS `cursus` DEFAULT CHARACTER SET utf8mb4 COLLATE utf8mb4_general_ci;
USE `cursus`;

-- --------------------------------------------------------

--
-- Tabelstructuur voor tabel `artikelen`
--

CREATE TABLE `artikelen` (
  `artnr` int(11) NOT NULL DEFAULT 0,
  `omschr` varchar(25) NOT NULL DEFAULT '',
  `prijs` decimal(10,2) NOT NULL DEFAULT 0.00,
  `voorraad` int(11) NOT NULL DEFAULT 0,
  `verpeenh` int(11) NOT NULL DEFAULT 0,
  `artgroepnr` int(11) NOT NULL DEFAULT 0,
  `locatie` int(11) NOT NULL DEFAULT 0,
  `runner` int(11) NOT NULL DEFAULT 0
) ENGINE=MyISAM DEFAULT CHARSET=latin1;

--
-- Gegevens worden geëxporteerd voor tabel `artikelen`
--

INSERT INTO `artikelen` (`artnr`, `omschr`, `prijs`, `voorraad`, `verpeenh`, `artgroepnr`, `locatie`, `runner`) VALUES
(200003, 'Jogging pak Rich Color', '89.00', 2304, 1, 1, 9, 0),
(200004, 'Poloshirt met logo', '9.00', 260, 10, 2, 2, 0),
(200005, 'T-shirt met logo', '6.00', 9126, 10, 3, 52, 0),
(200006, 'Sporttas leder', '18.00', 8139, 1, 13, 64, 0),
(200007, 'Sporttas blauw kunsstof', '8.00', 437, 1, 13, 68, 1),
(200008, 'Balpen Rainbow', '0.00', 4275, 250, 8, 13, 1),
(200009, 'Pennenset', '2.00', 7555, 10, 8, 53, 1),
(200010, 'Pennenset Gold', '3.00', 1103, 1, 8, 24, 1),
(200011, 'Portefeuille kalfsleder', '9.00', 2315, 1, 9, 1, 0),
(200012, 'Portefeuille de luxe lede', '19.00', 5269, 1, 9, 47, 1),
(200014, 'Pennenset Gold de Luxe', '4.00', 3409, 1, 8, 65, 1),
(200015, 'Bureauklokje Imperial', '12.00', 1666, 1, 7, 65, 0),
(200016, 'Bureauklok digitaal Astia', '14.00', 8132, 1, 7, 70, 0),
(200021, 'Wandklok type office', '12.00', 4965, 1, 7, 22, 0),
(200022, 'Wandklok artistic impr', '22.00', 1541, 1, 7, 47, 0),
(200023, 'Organiser 128Kb', '129.00', 1902, 1, 11, 71, 0),
(200024, 'Organiser 256Kb', '142.00', 3542, 1, 11, 19, 0),
(200025, 'Organizer 512Kb', '151.00', 1941, 1, 11, 29, 0),
(200026, 'Organizer/beeper', '183.00', 3060, 1, 11, 60, 0),
(200027, 'Organizer/autotelefoon', '243.00', 2127, 1, 11, 50, 0),
(200028, 'Calculator', '24.00', 5867, 1, 11, 24, 1),
(200029, 'Calculator Scientific', '32.00', 8695, 1, 11, 58, 1),
(200030, 'Horloge (H) Impressive', '29.00', 6930, 1, 6, 23, 1),
(200031, 'Horloge (H) verguld C3', '43.00', 4185, 1, 6, 56, 0),
(200032, 'Horloge (H) Rolex imit.', '110.00', 8866, 1, 6, 4, 1),
(200033, 'Poster Arizona', '4.00', 4983, 1, 14, 13, 0),
(200034, 'Bureauset administrator', '8.00', 2399, 1, 8, 28, 0),
(200035, 'Poster Niagara', '5.00', 7252, 1, 14, 66, 1),
(200036, 'Poster Mountains', '5.00', 1754, 1, 14, 66, 0),
(200037, 'Poster Melancholie', '6.00', 1928, 1, 14, 12, 0),
(200038, 'note block A6', '1.00', 1598, 10, 8, 17, 0),
(200039, 'note block cube', '6.00', 6978, 10, 8, 67, 0),
(200040, 'Kofferset leder (h) small', '277.00', 2607, 1, 9, 52, 0),
(200041, 'Kofferset de Luxe leder (', '395.00', 9492, 1, 9, 71, 0),
(200042, 'Kofferset Ambassador lede', '453.00', 9124, 1, 9, 38, 0),
(200043, 'Kofferset Lady kunsstof', '327.00', 590, 1, 9, 49, 0),
(200044, 'notebook tas luxe uitvoer', '175.00', 2585, 1, 9, 34, 0),
(200045, 'Kofferset Lady premium', '239.00', 5061, 1, 9, 9, 0),
(200046, 'Schoonheids garnituur Bea', '12.00', 3919, 1, 18, 39, 0),
(200047, 'Tafelaansteker Gold fire', '81.00', 1750, 1, 19, 39, 0),
(200048, 'Autotelefoon Ericson', '323.00', 5961, 1, 11, 4, 0),
(200049, 'Autotelefoon Siemens', '309.00', 2147, 1, 11, 30, 0),
(200050, 'Tafelaansteker flash', '34.00', 1421, 1, 19, 51, 0),
(200051, 'Bureauset Ambassador', '145.00', 6942, 1, 8, 31, 0),
(200052, 'sleutelhanger Lightcare', '1.00', 9100, 100, 16, 42, 1),
(200053, 'sleutelhanger munthouder', '0.00', 7368, 500, 16, 3, 1),
(200054, 'sleutelhanger met centime', '1.00', 5666, 100, 16, 14, 1),
(200055, 'sleutelhanger Auto de lux', '2.00', 2400, 100, 16, 58, 0),
(200056, 'Stoelhoes de Luxe', '77.00', 1526, 2, 15, 28, 0),
(200057, 'Bureauklok Arizona', '18.00', 223, 1, 7, 47, 0),
(200058, 'Kurketrekker Chateau', '3.00', 1800, 1, 19, 0, 0),
(200059, 'Globe opblaasbare wereldb', '6.00', 1000, 1, 8, 0, 0);

-- --------------------------------------------------------

--
-- Tabelstructuur voor tabel `klanten`
--

CREATE TABLE `klanten` (
  `klantnr` int(11) NOT NULL DEFAULT 0,
  `klnaam` varchar(30) NOT NULL DEFAULT '',
  `klstraat` varchar(25) NOT NULL DEFAULT '',
  `klhuisnr` varchar(8) NOT NULL DEFAULT '',
  `klpostcode` varchar(10) NOT NULL DEFAULT '',
  `klplaats` varchar(20) NOT NULL DEFAULT '',
  `klnetn` varchar(5) NOT NULL DEFAULT '0',
  `kltel` varchar(11) NOT NULL DEFAULT '0',
  `klfax` varchar(11) NOT NULL DEFAULT '0',
  `klemail` varchar(50) CHARACTER SET latin1 COLLATE latin1_bin NOT NULL DEFAULT '',
  `klpostbus` int(11) NOT NULL DEFAULT 0,
  `klpbpcode` varchar(10) NOT NULL DEFAULT '',
  `klpbplaats` varchar(20) NOT NULL DEFAULT '',
  `klantcode` int(11) NOT NULL DEFAULT 0,
  `klcontact` varchar(50) NOT NULL DEFAULT '',
  `klopmerking` varchar(50) NOT NULL DEFAULT '',
  `kredietlimiet` decimal(10,2) NOT NULL DEFAULT 0.00
) ENGINE=MyISAM DEFAULT CHARSET=latin1;

--
-- Gegevens worden geëxporteerd voor tabel `klanten`
--

INSERT INTO `klanten` (`klantnr`, `klnaam`, `klstraat`, `klhuisnr`, `klpostcode`, `klplaats`, `klnetn`, `kltel`, `klfax`, `klemail`, `klpostbus`, `klpbpcode`, `klpbplaats`, `klantcode`, `klcontact`, `klopmerking`, `kredietlimiet`) VALUES
(100001, 'Fred\'s Meubelpaleis', 'Witte de Witstraat', '72', '1053 SL', 'Amsterdam', '020', '4182544', '1426903', 'Fred@wol.nl', 9172, '1051  AX', 'Amsterdam', 14, 'Hr. F van de Wrok', 'alleen rembourszendingen', '0.00'),
(100002, 'All in one Office', 'Ceintuurbaan', '321', '1073  AT', 'Amsterdam', '020', '9834336', '4491530', 'All.in.one2xs4all.nl', 1497, '1073  AT', 'Amsterdam', 10, '', 'vooruitbetalen', '15000.00'),
(100003, 'Interieur Totaal', 'Rokin', '12', '1138  BC', 'Amsterdam', '020', '5119359', '3424478', 'Int.tot2sgtx.nl', 6636, '1138  BC', 'Amsterdam', 14, '', 'vooruitbetalen', '30000.00'),
(100004, 'Bruinsma kantoor', 'Mercatorplein', '19', '1063  GX', 'Amsterdam', '020', '9325176', '3898473', 'Bruinsma@ptt.nl', 2194, '1063  GX', 'Amsterdam', 10, 'Hr J.J.Bruinsma', 'familiebedrijf, de heer J.J. Bruinsma is directeur', '10000.00'),
(100005, 'Delta Computers', 'Stationsstraat', '235', '1134  GT', 'Diemen', '020', '4655770', '9008744', 'Delta.com', 1605, '1134  GT', 'Diemen', 9, '', 'eenmanszaak', '5000.00'),
(100006, 'Uitgeverij Accent', 'Helikopterstraat', '17-21', '1123 DD', 'Amsterdam', '020', '6424636', '6975958', 'Accent@glxs.nl', 4685, '1142 PJ', 'Amsterdam', 15, 'Wijnand Brem', 'vooruitbetalen', '5000.00'),
(100007, 'STARSOFT', 'Driemaster', '148-149', '1347 GF', 'Diemen', '020', '8449490', '2989293', 'STARSOFT.com', 9080, '1134  GT', 'Diemen', 13, 'M. de Hond', '', '50000.00'),
(100008, 'Welda interieurverzorging', 'Kng Wilhelminalaan', '14', '1921 FT', 'Uithoorn', '076', '4545350', '9950307', 'Welda@euronet.nl', 5585, '1920 FF', 'Uithoorn', 14, 'Mevr. G.Dressel', '', '30000.00'),
(100009, 'Expert computerservice', 'Haarlemmerstraatweg', '129', '3329 ST', 'Halfweg', '046', '1990364', '4072954', 'service@expert.nl', 23, '3329 ST', 'Halfweg', 9, '', '', '80000.00'),
(100010, 'Autobedrijf Teunissen', 'Meerveld', '222', '2020 BX', 'Utrecht', '022', '9465144', '2583019', 'Teunissen.post@euronet.nl', 8132, '2000 GG', 'Utrecht', 19, 'Hr Teunissen jr.', '', '20000.00'),
(100011, 'Villan consumers services', 'Utrechtseweg', '774', '2113 RZ', 'Maarssen', '034', '9278444', '9930804', 'Villan.cons@villannet.nl', 178, '2113 RZ', 'Maarssen', 13, '', 'vooruitbetalen', '5000.00'),
(100012, 'Residence interieur', 'Julianastraat', '124', '7045 GP', 'Den Haag', '072', '5698934', '2529644', 'Residence@ptt.nl', 3108, '7010 DL', 'Den Haag', 14, 'Geeske Terwalle', 'alleen rembourszendingen', '0.00'),
(100013, 'Snel Kantoorinrichtingen', 'Koninginneweg', '345', '1051  PG', 'Amsterdam', '020', '1333854', '5733847', 'Snelklantenservice@wonl.nl', 6055, '1051  AX', 'Amsterdam', 10, '', 'alleen rembourszendingen', '0.00'),
(100014, 'Leonardo P.P.', 'Bilderdijkstraat', '913', '1039  TX', 'Amsterdam', '020', '1879009', '4216023', 'Leonardo@digstad.nl', 8355, '1066 FR', 'Amsterdam', 12, '', 'alleen rembourszendingen', '0.00'),
(100015, 'Apple computers', 'Haven', '1', '3025 PP', 'Rotterdam', '010', '5853710', '7667990', 'klantenservice@Apple.nl', 6552, '3622 BM', 'Rotterdam', 3, 'I.B.M. Salestra', '', '30000.00'),
(100016, 'Kleine B.V.', 'Blaak', '399', '3197 DT', 'Rotterdam', '010', '1386042', '9435813', '', 896, '3812 VY', 'Rotterdam', 6, 'Jan Kleine jr.', 'vooruitbetalen', '5000.00'),
(100017, 'Van Dijk en partners', 'Hogeburgweg', '122', '4298 LD', 'Leiden', '079', '4426704', '1218285', 'Van Dijk en partners', 3612, '4244 GL', 'Leiden', 13, '', 'vooruitbetalen', '0.00'),
(100018, 'Turner T.', 'Binnenring', '528', '3654 ZM', 'Zoetermeer', '078', '6768203', '6882490', 'Tina@NwYork.nl', 8179, '3697 ZM', 'Zoetermeer', 12, 'Kuno van de Wever', 'alleen rembourszendingen', '0.00'),
(100019, 'Limbo D.O. the', 'Admiraal Greerlingsweg', '47', '3030 RT', 'Rotterdam', '010', '2628065', '5040722', '', 3480, '3622 BM', 'Rotterdam', 13, '', 'alleen rembourszendingen', '0.00'),
(100020, 'Modern interieur', 'Oude gracht', '112', '2023 UR', 'Utrecht', '022', '2334537', '7033128', '', 5457, '2000 GG', 'Utrecht', 14, '', 'alleen rembourszendingen', '0.00'),
(100021, 'Cohen Bakkerijen', 'Glerumsewe', '90', '3674 GG', 'Rotterdam', '010', '9587940', '4451300', 'Cohen@ptt.nl', 3591, '3622 BM', 'Rotterdam', 2, 'W. G. J. Cohen', '', '50000.00'),
(100022, 'Quickprint plus', 'St benedictusstraat', '45', '4299 LC', 'Leiden', '075', '5264374', '8325022', 'service@Quickprint.nl', 5183, '4244 GL', 'Leiden', 7, 'Freddie', 'vooruitbetalen', '20000.00'),
(100023, 'Bakker BV', 'Steenweg', '17', '9968 DR', 'Dordrecht', '054', '3524481', '2146723', 'Bakker.post@xs4all.nl', 5601, '9968 DR', 'Dordrecht', 1, 'G.Bakker (v)', 'vooruitbetalen', '30000.00'),
(100024, 'Garage bedrijf Veenman', 'Helikopterstraat', '12', '1124 DG', 'Amsterdam', '020', '6029593', '5072123', '', 5090, '1142 PJ', 'Amsterdam', 19, 'Mevr. Ellie Veenman', 'vooruitbetalen', '5000.00'),
(100025, 'Stripotheek Guust Flater', '\'t Circus', '24', '1363 KN', 'Almere', '036', '8734921', '5420832', 'Flater@stripotheek.nl', 235, '1313 GG', 'Almere', 11, 'John', 'vooruitbetalen', '5000.00'),
(100026, 'Burgmann publicaties', 'Indians Road', '1', '3099 SD', 'Schiedam', '010', '7766393', '9020734', 'sales@Burgmann.nl', 986, '3812 VY', 'Schiedam', 15, 'Hr. C.Westra', 'vooruitbetalen', '40000.00'),
(100027, 'Beconet', 'Kweekgrasstraat', '18', '1314 BS', 'Almere', '036', '5849351', '8025471', 'sales@Beconet.nl', 563, '1313 GG', 'Almere', 4, 'W. de Vries', '', '30000.00'),
(100028, 'WIlliams public relations', 'Dennenweg', '73', '4048 LG', 'Breda', '017', '8578364', '2570447', 'post@Williams.nl', 2653, '4048 LG', 'Breda', 13, '', 'alleen rembourszendingen', '0.00'),
(100029, 'Johnson Natuurolien', 'Exton straat', '54', '1033 BX', 'Amsterdam', '020', '2129605', '6529928', '', 1123, '1051  AX', 'Amsterdam', 2, '', 'alleen rembourszendingen', '0.00'),
(100030, 'Johnsson Motorfietsen', 'Gen. Hanbury straat', '163', '4239 DB', 'Den Bosch', '019', '3587973', '2523163', '', 9915, '4200 DB', 'Den Bosch', 18, '', 'alleen rembourszendingen', '0.00'),
(100031, 'Johnson J. grafische ind.', 'Propellorstraat', '42', '1022 DR', 'Amsterdam', '020', '9590895', '2085512', 'Klantenservice.Johnson.J.@euronet.nl', 2841, '1051  AX', 'Amsterdam', 1, 'Cor Kelderman', '', '20000.00'),
(100032, 'Alternative Images', 'Binnenkade', '32', '3093 SM', 'Schiedam', '010', '4285427', '3917124', 'S.dirksen@A.I.nl', 1034, '3087 HB', 'Schiedam', 1, '', 'vooruitbetalen', '12000.00'),
(100033, 'Montovani G.B.', 'Italieweg', '768', '1051  AX', 'Amsterdam', '020', '9278967', '2180179', '', 2544, '1051  AX', 'Amsterdam', 12, '', 'alleen rembourszendingen', '0.00'),
(100034, 'Groen BV', 'Loefzijde', '324', '1120 ML', 'Amsterdam', '020', '8399607', '3643938', '', 9062, '1051  AX', 'Amsterdam', 4, '', 'alleen rembourszendingen', '0.00'),
(100035, 'Ploeg en Zn', 'Klipper', '67', '1051  AX', 'Amsterdam', '020', '1346649', '9220278', '', 5806, '1051  AX', 'Amsterdam', 6, 'Hr H. Ploeg jr.', '', '20000.00'),
(100036, 'Johnson J.J.', 'Klipper', '93', '1034 MM', 'Amsterdam', '020', '7544372', '4457243', '', 6057, '1051  AX', 'Amsterdam', 6, 'Alice', 'vooruitbetalen', '5000.00'),
(100037, 'Ploeg Machine fabrieken', 'Schoener', '2', '1077 GM', 'Amsterdam', '020', '5382798', '6683465', 'Ploeginfo@xs4all.nl', 9220, '1051  AX', 'Amsterdam', 4, 'Mevr D. Swiers', '', '12000.00'),
(100038, 'Adams M.A.', 'Aak', '325', '1535 KJ', 'Amsterdam', '020', '6561698', '4142349', 'Adams@adams.nl', 1926, '1051  AX', 'Amsterdam', 17, '', 'alleen rembourszendingen', '0.00'),
(100039, 'Verenigde Ned. Behangfabrieken', 'Aak', '231', '1044 CM', 'Amsterdam', '020', '4540689', '2980191', '', 5541, '1051  AX', 'Amsterdam', 17, '', 'alleen rembourszendingen', '0.00'),
(100040, 'La Villanee Accountants', 'Rembrandlaan', '749', '1179 DL', 'Amstelveen', '020', '6213896', '8946067', '(persoonsnaam)@La.Villanee.Accountants.nl', 3026, '1066 FR', 'Amsterdam', 13, '', 'alleen rembourszendingen', '0.00');

-- --------------------------------------------------------

--
-- Tabelstructuur voor tabel `orderregel`
--

CREATE TABLE `orderregel` (
  `ordernr` int(4) NOT NULL DEFAULT 0,
  `artnr` int(4) NOT NULL DEFAULT 0,
  `aantal` int(4) NOT NULL DEFAULT 0
) ENGINE=MyISAM DEFAULT CHARSET=latin1;

--
-- Gegevens worden geëxporteerd voor tabel `orderregel`
--

INSERT INTO `orderregel` (`ordernr`, `artnr`, `aantal`) VALUES
(970001, 200006, 120),
(970001, 200010, 100),
(970001, 200036, 1),
(970002, 200041, 45),
(970002, 200044, 53),
(970002, 200047, 500),
(970003, 200010, 50),
(970003, 200011, 32),
(970003, 200034, 72),
(970004, 200003, 8),
(970004, 200028, 57),
(970004, 200036, 114),
(970005, 200014, 50),
(970005, 200022, 76),
(970006, 200025, 54),
(970006, 200036, 55),
(970007, 200010, 100),
(970007, 200026, 89),
(970007, 200050, 100),
(970008, 200004, 120),
(970008, 200048, 39),
(970009, 200003, 12),
(970009, 200004, 100),
(970009, 200021, 25),
(970009, 200042, 100),
(970010, 200005, 100),
(970010, 200014, 150),
(970010, 200041, 450),
(970011, 200022, 25),
(970012, 200004, 35),
(970012, 200005, 100),
(970012, 200012, 10),
(970012, 200050, 50),
(970013, 200015, 100),
(970014, 200014, 50),
(970014, 200033, 5),
(970015, 200034, 68),
(970015, 200044, 28),
(970015, 200047, 63),
(970016, 200035, 93),
(970017, 200024, 22),
(970017, 200036, 91),
(970017, 200041, 120),
(970017, 200047, 87),
(970018, 200034, 93),
(970019, 200015, 1),
(970019, 200035, 123),
(970019, 200042, 50),
(970020, 200021, 10),
(970021, 200021, 27),
(970022, 200012, 13),
(970022, 200036, 123),
(970022, 200038, 250),
(970022, 200040, 27),
(970023, 200004, 100),
(970023, 200010, 100),
(970023, 200013, 96),
(970023, 200036, 50),
(970024, 200040, 25),
(970025, 200046, 500),
(970026, 200041, 120),
(970027, 200010, 1000),
(970027, 200034, 113),
(970028, 200033, 19),
(970028, 200045, 52),
(970029, 200030, 76),
(970029, 200042, 50),
(970029, 200050, 40),
(970030, 200022, 90),
(970031, 200010, 3000),
(970031, 200043, 10),
(970031, 200050, 110),
(970032, 200003, 12),
(970032, 200015, 125),
(970033, 200006, 50),
(970034, 200027, 58),
(970034, 200040, 110),
(970035, 200026, 119),
(970036, 200006, 100),
(970037, 200040, 106),
(970038, 200004, 90),
(970039, 200046, 5000),
(970040, 200034, 23),
(970041, 200004, 150),
(970042, 200023, 10),
(970043, 200040, 109),
(970044, 200010, 5000),
(970045, 200008, 3000),
(970046, 200027, 84),
(970046, 200040, 67),
(970046, 200050, 2),
(970047, 200023, 100),
(970047, 200032, 116),
(970048, 200031, 42),
(970049, 200009, 68),
(970049, 200030, 120),
(970049, 200035, 25),
(970050, 200035, 32),
(970051, 200005, 250),
(970051, 200009, 114),
(970051, 200032, 45),
(970051, 200045, 27),
(970052, 200050, 70),
(970053, 200028, 119),
(970054, 200010, 1000),
(970055, 200024, 111),
(970056, 200040, 35),
(970057, 200013, 85),
(970058, 200046, 50),
(970059, 200013, 124),
(970059, 200041, 75),
(970060, 200043, 10),
(970061, 200026, 45),
(970061, 200039, 750),
(970062, 200040, 45),
(970063, 200031, 97),
(970064, 200042, 50),
(970065, 200027, 64),
(970065, 200030, 53),
(970066, 200008, 1000),
(970067, 200016, 50),
(970067, 200028, 105),
(970068, 200033, 10),
(970069, 200003, 2),
(970070, 200031, 86),
(970071, 200026, 106),
(970071, 200042, 60),
(970071, 200045, 102),
(970072, 200008, 5000),
(970073, 200032, 86),
(970074, 200022, 103),
(970075, 200024, 107),
(970076, 200003, 17),
(970077, 200029, 98),
(970078, 200010, 850),
(970078, 200011, 23),
(970078, 200021, 85),
(970078, 200022, 150),
(970079, 200052, 8000),
(970080, 200006, 86),
(970080, 200043, 200),
(970081, 200036, 102),
(970082, 200043, 250),
(970082, 200052, 3000),
(970083, 200032, 66),
(970084, 200038, 350),
(970085, 200042, 75),
(970086, 200003, 18),
(970086, 200004, 250),
(970086, 200040, 55),
(970087, 200008, 250),
(970088, 200034, 30),
(970089, 200007, 82),
(970090, 200043, 100),
(970090, 200045, 42),
(970090, 200048, 57),
(970090, 200054, 3500),
(970091, 200008, 500),
(970092, 200033, 1),
(970093, 200004, 80),
(970094, 200049, 25),
(970095, 200052, 500),
(970096, 200027, 37),
(970096, 200042, 25),
(970096, 200048, 9),
(970097, 200028, 28),
(970098, 200008, 1000),
(970098, 200029, 140),
(970099, 200014, 100),
(970100, 200035, 93),
(970101, 200026, 50),
(970102, 200022, 15),
(970103, 200035, 38),
(970104, 200007, 76),
(970105, 200050, 400),
(970106, 200008, 3000),
(970107, 200046, 150),
(970108, 200052, 1000),
(970109, 200006, 37),
(970110, 200024, 13),
(970111, 200027, 122),
(970112, 200029, 117),
(970113, 200043, 300),
(970114, 200047, 37),
(970115, 200043, 250),
(970115, 200052, 7000),
(970116, 200050, 520),
(970117, 200004, 90),
(970118, 200035, 36),
(970119, 200004, 110),
(970120, 200003, 12),
(970121, 200008, 4000),
(970122, 200012, 80),
(970123, 200006, 117),
(970124, 200054, 300),
(970125, 200045, 5),
(970126, 200006, 17),
(970127, 200038, 750),
(970128, 200028, 93),
(970129, 200048, 45),
(970130, 200011, 9),
(970131, 200041, 100),
(970132, 200016, 83),
(970132, 200034, 22),
(970132, 200035, 82),
(970133, 200039, 100),
(970134, 200012, 74),
(970134, 200027, 14),
(970134, 200034, 117),
(970134, 200054, 200),
(970135, 200014, 50),
(970136, 200047, 36),
(970137, 200052, 4500),
(970138, 200004, 9),
(970139, 200012, 52),
(970139, 200028, 106),
(970139, 200040, 110),
(970139, 200045, 102),
(970140, 200035, 124),
(970141, 200003, 22),
(970142, 200013, 51),
(970143, 200008, 5000),
(970144, 200034, 39),
(970145, 200048, 98),
(970146, 200022, 53),
(970146, 200041, 20),
(970147, 200057, 12),
(970148, 200009, 17),
(970149, 200006, 35),
(970149, 200024, 96),
(970149, 200028, 14),
(970150, 200003, 26),
(970150, 200010, 3500),
(970151, 200021, 53),
(970151, 200052, 6000),
(970152, 200029, 120),
(970153, 200035, 38),
(970154, 200031, 116),
(970155, 200040, 101),
(970156, 200008, 8000),
(970157, 200055, 1800),
(970158, 200003, 2),
(970158, 200008, 250),
(970158, 200049, 62),
(970159, 200049, 119),
(970160, 200026, 28),
(970161, 200009, 113),
(970162, 200034, 49),
(970163, 200023, 87),
(970164, 200013, 63),
(970165, 200026, 84),
(970166, 200035, 31),
(970167, 200024, 58),
(970168, 200041, 30),
(970169, 200008, 2000),
(970170, 200009, 5000),
(970170, 200052, 15000),
(970170, 200054, 5000),
(970171, 200003, 14),
(970171, 200023, 40),
(970172, 200037, 36),
(970173, 200026, 28),
(970174, 200008, 500),
(970175, 200054, 100),
(970176, 200005, 120),
(970176, 200014, 100),
(970177, 200023, 50),
(970177, 200047, 43),
(970178, 200005, 50),
(970178, 200010, 65),
(970179, 200050, 120),
(970180, 200049, 18),
(970181, 200011, 67),
(970182, 200047, 80),
(970183, 200023, 108),
(970184, 200035, 6),
(970185, 200023, 93),
(970186, 200024, 26),
(970187, 200044, 11),
(970188, 200004, 92),
(970189, 200009, 250),
(970190, 200029, 52),
(970191, 200045, 114),
(970192, 200011, 40),
(970193, 200023, 62),
(970194, 200043, 125),
(970195, 200014, 300),
(970196, 200046, 120),
(970197, 200033, 116),
(970198, 200021, 102),
(970199, 200047, 43),
(970200, 200042, 35),
(970201, 200044, 21),
(970202, 200010, 3400),
(970202, 200042, 100),
(970202, 200054, 100),
(970203, 200004, 120),
(970203, 200022, 28),
(970204, 200054, 2500),
(970205, 200046, 350),
(970206, 200037, 22),
(970207, 200003, 15),
(970208, 200004, 82),
(970209, 200032, 24),
(970209, 200047, 8),
(970210, 200032, 23),
(970211, 200029, 107),
(970212, 200005, 30),
(970213, 200007, 65),
(970214, 200004, 18),
(970215, 200036, 124),
(970216, 200026, 48),
(970216, 200039, 350),
(970216, 200054, 250),
(970217, 200050, 110),
(970218, 200009, 150),
(970219, 200015, 80),
(970220, 200050, 117),
(970221, 200009, 900),
(970222, 200039, 108),
(970223, 200043, 100),
(970224, 200008, 1250),
(970225, 200023, 117),
(970225, 200027, 72),
(970225, 200037, 64),
(970226, 200005, 100),
(970227, 200050, 70),
(970228, 200007, 80),
(970229, 200035, 45),
(970230, 200044, 124),
(970231, 200003, 32),
(970232, 200052, 7600),
(970233, 200015, 75),
(970234, 200007, 29),
(970235, 200010, 2500),
(970235, 200027, 99),
(970236, 200004, 120),
(970237, 200031, 93),
(970238, 200004, 100),
(970239, 200048, 92),
(970240, 200040, 50),
(970241, 200023, 77),
(970242, 200015, 12),
(970243, 200046, 120),
(970244, 200036, 13),
(970245, 200056, 100),
(970245, 200057, 250),
(970246, 200021, 1),
(970246, 200051, 22),
(970247, 200045, 3),
(970248, 200004, 16),
(970249, 200024, 54),
(970250, 200043, 350),
(970251, 200005, 80),
(970252, 200044, 48),
(970252, 200057, 45),
(970253, 200009, 150),
(970254, 200050, 62),
(970255, 200005, 20),
(970256, 200004, 111),
(970257, 200031, 7),
(970258, 200028, 110),
(970258, 200031, 110),
(970258, 200049, 100),
(970259, 200044, 65),
(970260, 200013, 30),
(970261, 200023, 20),
(970262, 200011, 47),
(970263, 200039, 75),
(970264, 200026, 15),
(970265, 200005, 50),
(970266, 200047, 15),
(970266, 200050, 77),
(970267, 200012, 32),
(970268, 200022, 26),
(970268, 200023, 123),
(970269, 200009, 500),
(970269, 200036, 69),
(970270, 200012, 6),
(970271, 200008, 1000),
(970271, 200010, 1500),
(970271, 200026, 39),
(970271, 200034, 110),
(970271, 200050, 65),
(970272, 200008, 500),
(970273, 200040, 105),
(970274, 200016, 64),
(970275, 200050, 60),
(970276, 200021, 51),
(970277, 200047, 28),
(970278, 200008, 3000),
(970279, 200050, 190),
(970280, 200052, 5200),
(970281, 200030, 123),
(970282, 200004, 40),
(970282, 200039, 40),
(970283, 200028, 60),
(970284, 200029, 112),
(970285, 200014, 200),
(970285, 200016, 25),
(970286, 200035, 107),
(970287, 200012, 113),
(970288, 200004, 85),
(970289, 200010, 150),
(970290, 200042, 20),
(970291, 200049, 34),
(970292, 200003, 6),
(970293, 200045, 86),
(970294, 200047, 9),
(970295, 200008, 750),
(970296, 200029, 27),
(970297, 200034, 1),
(970298, 200044, 124),
(970299, 200048, 112),
(970300, 200040, 39),
(970301, 200014, 25),
(970302, 200041, 50),
(970303, 200029, 77),
(970304, 200032, 44),
(970305, 200022, 80),
(970306, 200010, 1250),
(970307, 200049, 14),
(970308, 200034, 40),
(970309, 200037, 56),
(970310, 200035, 31),
(970311, 200015, 19),
(970312, 200043, 75),
(970313, 200010, 200),
(970314, 200049, 91),
(970315, 200005, 100),
(970316, 200046, 75),
(970317, 200003, 4),
(970317, 200007, 85),
(970317, 200024, 68),
(970318, 200054, 2500),
(970319, 200038, 500),
(970320, 200035, 85),
(970321, 200047, 47),
(970322, 200024, 78),
(970323, 200040, 39),
(970324, 200022, 68),
(970325, 200048, 28),
(970326, 200021, 300),
(970326, 200027, 16),
(970327, 200003, 31),
(970328, 200049, 92),
(970329, 200022, 13),
(970329, 200032, 74),
(970329, 200033, 8),
(970329, 200037, 103),
(970330, 200032, 110),
(970331, 200045, 41),
(970332, 200045, 28),
(970333, 200016, 100),
(970334, 200049, 39),
(970335, 200005, 100),
(970336, 200032, 97),
(970337, 200023, 88),
(970338, 200046, 100),
(970339, 200021, 56),
(970340, 200011, 18),
(970341, 200011, 23),
(970341, 200049, 74),
(970342, 200004, 48),
(970343, 200050, 320),
(970344, 200028, 68),
(970345, 200012, 45),
(970345, 200050, 95),
(970346, 200026, 117),
(970347, 200035, 64),
(970348, 200004, 39),
(970349, 200032, 99),
(970350, 200038, 500),
(970351, 200028, 100),
(970352, 200049, 93),
(970353, 200026, 35),
(970354, 200007, 16),
(970355, 200050, 98),
(970356, 200026, 120),
(970357, 200033, 16),
(970358, 200038, 500),
(970359, 200009, 130),
(970360, 200027, 61),
(970361, 200027, 43),
(970362, 200043, 24),
(970363, 200008, 6500),
(970364, 200044, 31),
(970365, 200039, 120),
(970366, 200028, 26),
(970367, 200039, 75),
(970368, 200014, 110),
(970369, 200043, 10),
(970370, 200007, 62),
(970371, 200010, 124),
(970371, 200022, 58),
(970371, 200044, 35),
(970372, 200047, 111),
(970373, 200011, 107),
(970374, 200010, 1000),
(970375, 200010, 2400),
(970376, 200029, 124),
(970377, 200050, 150),
(970378, 200012, 48),
(970379, 200010, 1500),
(970380, 200013, 44),
(970380, 200023, 111),
(970381, 200005, 35),
(970381, 200022, 120),
(970382, 200042, 30),
(970382, 200044, 36),
(970383, 200005, 50),
(970384, 200049, 47),
(970385, 200049, 103),
(970386, 200022, 60),
(970387, 200007, 16),
(970388, 200023, 10),
(970389, 200015, 123),
(970390, 200042, 2),
(970391, 200021, 2),
(970392, 200003, 20),
(970393, 200004, 26),
(970394, 200044, 63),
(970395, 200010, 1500),
(970396, 200049, 80),
(970397, 200034, 71),
(970398, 200015, 8),
(970399, 200025, 19),
(970400, 200010, 1500),
(970400, 200037, 40),
(970401, 200003, 25),
(970402, 200021, 8),
(970403, 200028, 64),
(970403, 200040, 50),
(970403, 200048, 92),
(970404, 200021, 50),
(970405, 200033, 16),
(970406, 200004, 30),
(970407, 200013, 115),
(970408, 200010, 1000),
(970409, 200016, 100),
(970410, 200048, 106),
(970411, 200052, 5500),
(970412, 200046, 30),
(970413, 200031, 39),
(970414, 200010, 5000),
(970415, 200038, 125),
(970416, 200013, 37),
(970417, 200026, 45),
(970417, 200031, 30),
(970417, 200038, 450),
(970417, 200054, 3000),
(970418, 200042, 17),
(970419, 200008, 1000),
(970420, 200010, 6000),
(970421, 200032, 17),
(970422, 200054, 600),
(970423, 200016, 95),
(970424, 200014, 90),
(970425, 200034, 65),
(970426, 200010, 250),
(970427, 200007, 67),
(970428, 200046, 120),
(970429, 200028, 100),
(970429, 200034, 55),
(970430, 200050, 82),
(970431, 200015, 34),
(970431, 200047, 123),
(970432, 200038, 800),
(970433, 200014, 125),
(970433, 200025, 14),
(970434, 200014, 100),
(970435, 200040, 10),
(970435, 200056, 40),
(970436, 200035, 17),
(970437, 200050, 125),
(970438, 200035, 2),
(970439, 200003, 5),
(970439, 200009, 250),
(970439, 200026, 43),
(970439, 200037, 51),
(970440, 200008, 1250),
(970441, 200006, 122),
(970442, 200006, 2),
(970443, 200050, 180),
(970444, 200028, 43),
(970445, 200033, 20),
(970446, 200039, 100),
(970447, 200043, 150),
(970448, 200015, 42),
(970449, 200014, 40),
(970450, 200010, 400),
(970450, 200033, 16),
(970450, 200034, 38),
(970451, 200035, 58),
(970452, 200039, 100),
(970453, 200056, 100),
(970454, 200027, 61),
(970455, 200030, 40),
(970455, 200036, 4),
(970456, 200006, 102),
(970456, 200010, 500),
(980001, 200011, 32),
(980001, 200041, 90),
(980001, 200044, 53),
(980001, 200047, 119),
(980002, 200004, 120),
(980002, 200010, 460),
(980002, 200011, 60),
(980003, 200003, 30),
(980003, 200022, 100),
(980003, 200028, 60),
(980003, 200055, 8000),
(980004, 200014, 50),
(980004, 200025, 60),
(980004, 200036, 60),
(980005, 200010, 1600),
(980005, 200026, 90),
(980006, 200048, 40),
(980006, 200050, 100),
(980007, 200004, 100),
(980007, 200021, 210),
(980007, 200042, 92),
(980008, 200003, 12),
(980008, 200036, 120),
(980009, 200005, 90),
(980009, 200014, 35),
(980009, 200022, 1),
(980009, 200041, 120),
(980010, 200012, 0),
(980010, 200050, 36),
(980011, 200004, 35),
(980012, 200014, 150),
(980012, 200015, 100),
(980012, 200033, 500),
(980012, 200034, 350),
(980012, 200055, 2500),
(980012, 200057, 100),
(980013, 200044, 28),
(980014, 200035, 93),
(980014, 200047, 63),
(980015, 200036, 91),
(980015, 200041, 100),
(980015, 200047, 100),
(980016, 200024, 25),
(980017, 200015, 1),
(980017, 200034, 100),
(980017, 200035, 125),
(980017, 200042, 90),
(980018, 200021, 90),
(980019, 200021, 27),
(980019, 200036, 123),
(980019, 200038, 120),
(980020, 200040, 27),
(980021, 200012, 13),
(980022, 200010, 1850),
(980022, 200036, 50),
(980022, 200052, 1000),
(980023, 200010, 6000),
(980023, 200040, 25),
(980023, 200041, 230),
(980023, 200046, 130),
(980023, 200054, 2500),
(980024, 200034, 125),
(980025, 200033, 19),
(980026, 200045, 52),
(980027, 200030, 76),
(980027, 200042, 81),
(980028, 200022, 90),
(980028, 200050, 40),
(980029, 200010, 4000),
(980029, 200043, 3),
(980029, 200050, 110),
(980030, 200003, 12),
(980031, 200006, 42),
(980031, 200015, 125),
(980031, 200027, 58),
(980032, 200040, 100),
(980032, 200052, 1200),
(980033, 200055, 500),
(980033, 200057, 5),
(980034, 200004, 150),
(980034, 200040, 50),
(980035, 200046, 60),
(980036, 200034, 23),
(980037, 200004, 121),
(980038, 200023, 10),
(980039, 200040, 80),
(980040, 200010, 5000),
(980041, 200008, 3000),
(980042, 200027, 84),
(980043, 200054, 2000),
(980044, 200040, 67),
(980045, 200023, 100),
(980046, 200009, 1000),
(980046, 200031, 42),
(980046, 200032, 116),
(980047, 200030, 120),
(980047, 200035, 250),
(980048, 200035, 350),
(980049, 200005, 60),
(980049, 200009, 500),
(980049, 200052, 1500),
(980050, 200045, 27),
(980051, 200010, 1000),
(980051, 200024, 111),
(980051, 200028, 119),
(980051, 200050, 67),
(980052, 200040, 35),
(980053, 200013, 85),
(980054, 200054, 4300),
(980055, 200041, 100),
(980056, 200013, 124),
(980057, 200043, 1),
(980058, 200039, 80),
(980059, 200026, 45),
(980059, 200040, 45),
(980060, 200031, 97),
(980061, 200030, 53),
(980061, 200042, 78),
(980062, 200027, 64),
(980063, 200008, 1000),
(980064, 200016, 38),
(980065, 200028, 500),
(980065, 200033, 10),
(980066, 200003, 2),
(980067, 200026, 106),
(980067, 200031, 86),
(980068, 200045, 102),
(980069, 200042, 80),
(980070, 200008, 5000),
(980071, 200022, 120),
(980071, 200024, 107),
(980071, 200032, 86),
(980072, 200003, 17),
(980073, 200029, 150),
(980074, 200022, 500),
(980075, 200011, 23),
(980076, 200010, 8000),
(980077, 200021, 85),
(980078, 200006, 86),
(980078, 200015, 100),
(980078, 200036, 102),
(980078, 200043, 100),
(980079, 200043, 12),
(980080, 200012, 49),
(980080, 200032, 66),
(980081, 200038, 100),
(980082, 200040, 55),
(980082, 200042, 85),
(980083, 200004, 24),
(980084, 200003, 18),
(980085, 200008, 250),
(980086, 200007, 82),
(980086, 200034, 450),
(980086, 200045, 42),
(980087, 200043, 5),
(980088, 200048, 57),
(980089, 200054, 500),
(980090, 200004, 80),
(980090, 200008, 500),
(980090, 200033, 1),
(980090, 200049, 25),
(980091, 200037, 150),
(980092, 200027, 37),
(980093, 200048, 9),
(980094, 200042, 25),
(980095, 200028, 28),
(980096, 200008, 1000),
(980096, 200029, 14),
(980096, 200054, 8000),
(980097, 200035, 19),
(980098, 200022, 15),
(980098, 200026, 50),
(980099, 200035, 38),
(980100, 200007, 76),
(980101, 200050, 360),
(980102, 200008, 3000),
(980103, 200046, 91),
(980104, 200024, 51),
(980105, 200006, 37),
(980106, 200024, 13),
(980107, 200027, 122),
(980108, 200029, 117),
(980109, 200043, 30),
(980110, 200047, 37),
(980111, 200043, 90),
(980112, 200005, 60),
(980113, 200050, 275),
(980114, 200004, 93),
(980115, 200004, 110),
(980115, 200055, 900),
(980115, 200057, 150),
(980116, 200003, 12),
(980117, 200008, 4000),
(980118, 200012, 80),
(980119, 200006, 117),
(980120, 200054, 300),
(980121, 200045, 5),
(980122, 200006, 17),
(980123, 200038, 250),
(980124, 200028, 93),
(980125, 200048, 45),
(980126, 200011, 9),
(980127, 200041, 55),
(980128, 200034, 22),
(980129, 200016, 83),
(980130, 200035, 82),
(980131, 200039, 109),
(980132, 200012, 74),
(980132, 200034, 117),
(980132, 200054, 3000),
(980133, 200027, 14),
(980134, 200004, 10),
(980134, 200014, 50),
(980134, 200034, 87),
(980134, 200047, 36),
(980135, 200012, 52),
(980136, 200040, 230),
(980137, 200045, 102),
(980138, 200028, 106),
(980139, 200003, 22),
(980139, 200008, 5000),
(980139, 200013, 51),
(980139, 200035, 124),
(980140, 200034, 39),
(980141, 200048, 98),
(980142, 200041, 100),
(980143, 200022, 55),
(980144, 200053, 12000),
(980145, 200009, 1250),
(980146, 200006, 35),
(980146, 200024, 96),
(980147, 200028, 14),
(980148, 200003, 26),
(980149, 200003, 17),
(980149, 200010, 1400),
(980149, 200021, 53),
(980150, 200029, 100),
(980150, 200035, 38),
(980151, 200031, 116),
(980151, 200040, 200),
(980152, 200008, 8000),
(980153, 200054, 500),
(980154, 200003, 2),
(980155, 200049, 62),
(980156, 200008, 250),
(980157, 200049, 119),
(980158, 200009, 3000),
(980158, 200026, 500),
(980158, 200034, 49),
(980159, 200023, 87),
(980160, 200013, 63),
(980161, 200026, 84),
(980162, 200035, 31),
(980163, 200024, 58),
(980164, 200041, 10),
(980165, 200008, 2000),
(980166, 200023, 200),
(980167, 200006, 62),
(980168, 200009, 200),
(980169, 200003, 14),
(980170, 200023, 40),
(980170, 200026, 28),
(980170, 200037, 36),
(980171, 200008, 500),
(980171, 200054, 10000),
(980172, 200005, 120),
(980173, 200014, 350),
(980174, 200047, 43),
(980175, 200023, 50),
(980176, 200005, 25),
(980176, 200010, 6000),
(980177, 200049, 18),
(980177, 200050, 120),
(980178, 200011, 67),
(980178, 200047, 80),
(980179, 200023, 108),
(980180, 200035, 6),
(980181, 200023, 93),
(980182, 200024, 26),
(980183, 200044, 11),
(980184, 200004, 100),
(980185, 200009, 150),
(980186, 200029, 52),
(980187, 200045, 114),
(980188, 200011, 40),
(980189, 200023, 62),
(980190, 200043, 140),
(980191, 200014, 1000),
(980192, 200046, 110),
(980193, 200033, 116),
(980194, 200021, 102),
(980195, 200047, 43),
(980196, 200042, 25),
(980197, 200044, 21),
(980198, 200042, 36),
(980199, 200010, 5000),
(980200, 200054, 1500),
(980201, 200022, 28),
(980202, 200004, 120),
(980202, 200005, 25),
(980202, 200046, 30),
(980203, 200003, 15),
(980203, 200037, 22),
(980204, 200004, 82),
(980205, 200032, 24),
(980206, 200047, 8),
(980207, 200032, 23),
(980208, 200029, 107),
(980209, 200005, 26),
(980209, 200007, 65),
(980210, 200004, 18),
(980211, 200036, 124),
(980212, 200026, 48),
(980213, 200039, 75),
(980214, 200054, 500),
(980215, 200050, 900),
(980216, 200009, 1000),
(980216, 200015, 85),
(980216, 200050, 130),
(980217, 200009, 800),
(980218, 200039, 100),
(980219, 200043, 100),
(980220, 200008, 1250),
(980221, 200037, 64),
(980222, 200027, 72),
(980223, 200023, 117),
(980224, 200037, 20),
(980225, 200005, 100),
(980225, 200007, 80),
(980225, 200035, 45),
(980225, 200050, 450),
(980226, 200044, 124),
(980227, 200003, 32),
(980228, 200026, 72),
(980229, 200015, 75),
(980230, 200007, 29),
(980231, 200010, 900),
(980232, 200027, 99),
(980233, 200004, 120),
(980234, 200031, 93),
(980235, 200004, 101),
(980235, 200048, 92),
(980236, 200040, 100),
(980237, 200023, 77),
(980238, 200015, 12),
(980239, 200046, 117),
(980240, 200036, 13),
(980241, 200029, 60),
(980242, 200021, 1),
(980243, 200055, 2200),
(980244, 200045, 3),
(980245, 200004, 16),
(980246, 200024, 54),
(980246, 200043, 120),
(980247, 200005, 80),
(980248, 200003, 40),
(980249, 200044, 48),
(980250, 200009, 150),
(980251, 200050, 50),
(980252, 200004, 111),
(980252, 200005, 20),
(980253, 200031, 7),
(980254, 200031, 110),
(980255, 200028, 110),
(980256, 200049, 100),
(980257, 200044, 65),
(980258, 200011, 47),
(980258, 200013, 30),
(980258, 200023, 20),
(980259, 200039, 75),
(980260, 200026, 15),
(980261, 200005, 25),
(980262, 200050, 150),
(980263, 200047, 15),
(980264, 200012, 32),
(980265, 200022, 26),
(980266, 200009, 50),
(980266, 200023, 123),
(980267, 200036, 69),
(980268, 200012, 6),
(980268, 200026, 39),
(980269, 200010, 3500),
(980269, 200034, 110),
(980270, 200008, 1000),
(980271, 200008, 500),
(980271, 200016, 64),
(980271, 200040, 80),
(980271, 200050, 350),
(980272, 200021, 51),
(980273, 200047, 28),
(980274, 200008, 3000),
(980275, 200050, 100),
(980276, 200056, 100),
(980277, 200030, 123),
(980278, 200004, 39),
(980279, 200039, 40),
(980280, 200028, 60),
(980281, 200029, 112),
(980282, 200014, 150),
(980282, 200016, 21),
(980283, 200035, 107),
(980284, 200012, 113),
(980285, 200004, 84),
(980285, 200010, 1250),
(980286, 200042, 10),
(980287, 200049, 34),
(980288, 200003, 100),
(980289, 200045, 86),
(980290, 200047, 9),
(980291, 200008, 750),
(980292, 200029, 27),
(980293, 200034, 1),
(980294, 200044, 124),
(980295, 200048, 112),
(980296, 200040, 39),
(980297, 200014, 7),
(980298, 200041, 10),
(980299, 200029, 77),
(980300, 200032, 44),
(980301, 200022, 100),
(980302, 200010, 7500),
(980303, 200049, 14),
(980304, 200034, 40),
(980305, 200037, 56),
(980306, 200035, 31),
(980307, 200015, 19),
(980308, 200043, 75),
(980309, 200010, 4500),
(980310, 200049, 91),
(980311, 200005, 100),
(980312, 200046, 72),
(980313, 200024, 68),
(980314, 200003, 4),
(980315, 200007, 85),
(980316, 200054, 800),
(980317, 200035, 85),
(980317, 200038, 160),
(980317, 200047, 47),
(980318, 200024, 78),
(980319, 200040, 39),
(980320, 200022, 68),
(980321, 200048, 28),
(980322, 200021, 300),
(980323, 200027, 16),
(980324, 200003, 31),
(980325, 200049, 92),
(980326, 200032, 74),
(980326, 200037, 103),
(980327, 200022, 13),
(980328, 200033, 8),
(980329, 200016, 93),
(980329, 200032, 110),
(980329, 200045, 41),
(980330, 200049, 39),
(980331, 200005, 100),
(980332, 200032, 97),
(980333, 200023, 88),
(980334, 200046, 98),
(980335, 200021, 56),
(980336, 200011, 18),
(980337, 200049, 74),
(980338, 200011, 23),
(980339, 200004, 48),
(980340, 200050, 40),
(980341, 200028, 68),
(980341, 200050, 100),
(980342, 200012, 45),
(980343, 200026, 117),
(980344, 200035, 64),
(980345, 200004, 39),
(980345, 200032, 99),
(980346, 200038, 10),
(980347, 200028, 100),
(980348, 200049, 93),
(980349, 200026, 35),
(980350, 200007, 16),
(980351, 200050, 100),
(980352, 200026, 120),
(980353, 200033, 16),
(980354, 200038, 50),
(980355, 200009, 120),
(980356, 200027, 61),
(980357, 200027, 43),
(980358, 200043, 6),
(980359, 200008, 6500),
(980360, 200044, 31),
(980361, 200039, 120),
(980362, 200028, 26),
(980363, 200039, 70),
(980364, 200014, 120),
(980365, 200043, 5),
(980366, 200007, 62),
(980367, 200022, 60),
(980368, 200044, 35),
(980369, 200010, 3500),
(980370, 200047, 111),
(980371, 200010, 5000),
(980371, 200011, 107),
(980372, 200029, 124),
(980373, 200050, 170),
(980374, 200012, 48),
(980375, 200010, 3500),
(980376, 200023, 111),
(980377, 200013, 44),
(980378, 200022, 113),
(980379, 200005, 35),
(980380, 200042, 2),
(980380, 200044, 36),
(980381, 200005, 53),
(980381, 200049, 47),
(980382, 200022, 58),
(980382, 200049, 103),
(980383, 200007, 16),
(980384, 200023, 10),
(980385, 200015, 123),
(980386, 200042, 2),
(980387, 200021, 150),
(980388, 200003, 2),
(980389, 200004, 26),
(980390, 200044, 63),
(980391, 200010, 5600),
(980392, 200049, 80),
(980393, 200034, 71),
(980394, 200015, 8),
(980395, 200025, 19),
(980396, 200010, 9000),
(980397, 200037, 40),
(980398, 200003, 25),
(980399, 200021, 8),
(980400, 200028, 64),
(980400, 200040, 45),
(980401, 200048, 92),
(980402, 200021, 51),
(980403, 200004, 30),
(980403, 200013, 115),
(980403, 200033, 16),
(980404, 200010, 350),
(980405, 200016, 100),
(980406, 200048, 106),
(980407, 200030, 105),
(980408, 200046, 30),
(980409, 200031, 39),
(980410, 200010, 4500),
(980411, 200038, 340),
(980412, 200013, 37),
(980413, 200031, 30),
(980414, 200038, 100),
(980415, 200026, 45),
(980416, 200022, 86),
(980417, 200008, 1000),
(980417, 200010, 5400),
(980417, 200032, 17),
(980417, 200042, 25),
(980418, 200054, 5500),
(980419, 200016, 95),
(980420, 200014, 88),
(980421, 200034, 65),
(980422, 200010, 500),
(980423, 200007, 67),
(980424, 200046, 121),
(980425, 200028, 100),
(980426, 200034, 55),
(980427, 200050, 850),
(980428, 200047, 123),
(980429, 200015, 34),
(980429, 200038, 1500),
(980430, 200025, 14),
(980431, 200014, 122),
(980432, 200040, 14),
(980433, 200035, 17),
(980433, 200037, 82),
(980434, 200050, 125),
(980435, 200009, 750),
(980435, 200035, 2),
(980436, 200037, 51),
(980437, 200026, 43),
(980438, 200003, 5),
(980439, 200006, 122),
(980439, 200008, 1250),
(980439, 200050, 165),
(980440, 200028, 43),
(980441, 200033, 20),
(980442, 200039, 30),
(980443, 200043, 4),
(980444, 200015, 230),
(980445, 200014, 40),
(980446, 200010, 3500),
(980447, 200034, 38),
(980448, 200033, 16),
(980449, 200035, 58),
(980450, 200012, 86),
(980450, 200036, 1),
(980450, 200039, 85),
(980451, 200006, 102),
(980452, 200010, 7500),
(980453, 200006, 75),
(980454, 200041, 150),
(980455, 200044, 53),
(980455, 200047, 119),
(980456, 200004, 120),
(980456, 200010, 4000),
(980456, 200011, 32),
(990001, 200011, 58),
(990001, 200028, 57),
(990001, 200034, 72),
(990001, 200036, 114),
(990002, 200003, 8),
(990002, 200014, 350),
(990002, 200022, 150),
(990003, 200025, 54),
(990003, 200026, 89),
(990003, 200036, 55),
(990003, 200050, 100),
(990004, 200004, 96),
(990004, 200042, 55),
(990004, 200048, 39),
(990005, 200003, 12),
(990005, 200021, 21),
(990006, 200014, 35),
(990006, 200041, 15),
(990007, 200005, 90),
(990007, 200012, 0),
(990007, 200022, 1),
(990008, 200010, 7500),
(990008, 200012, 69),
(990009, 200004, 35),
(990009, 200005, 110),
(990009, 200015, 100),
(990009, 200050, 20),
(990010, 200014, 47),
(990010, 200033, 5),
(990010, 200034, 68),
(990011, 200044, 28),
(990012, 200035, 93),
(990012, 200036, 91),
(990012, 200041, 40),
(990012, 200047, 63),
(990013, 200024, 22),
(990014, 200034, 93),
(990014, 200035, 123),
(990015, 200015, 1),
(990015, 200021, 9),
(990015, 200042, 22),
(990016, 200021, 27),
(990017, 200012, 13),
(990017, 200036, 123),
(990017, 200038, 750),
(990017, 200040, 27),
(990018, 200010, 6000),
(990019, 200010, 1000),
(990019, 200013, 96),
(990019, 200036, 50),
(990020, 200004, 103),
(990021, 200040, 25),
(990022, 200010, 8000),
(990022, 200034, 113),
(990022, 200041, 120),
(990022, 200046, 140),
(990023, 200030, 76),
(990023, 200033, 19),
(990023, 200042, 2),
(990023, 200045, 50),
(990023, 200050, 40),
(990024, 200022, 90),
(990025, 200043, 2),
(990026, 200050, 10),
(990027, 200003, 12),
(990027, 200010, 5000),
(990028, 200006, 42),
(990028, 200015, 123),
(990029, 200026, 120),
(990029, 200027, 58),
(990029, 200040, 50),
(990030, 200006, 93),
(990031, 200004, 90),
(990031, 200040, 30),
(990031, 200046, 70),
(990032, 200004, 120),
(990032, 200034, 23),
(990033, 200023, 10),
(990034, 200010, 1250),
(990034, 200040, 25),
(990035, 200008, 3000),
(990036, 200027, 84),
(990037, 200050, 2),
(990038, 200040, 67),
(990039, 200023, 100),
(990040, 200032, 116),
(990041, 200031, 42),
(990042, 200009, 1250),
(990043, 200030, 120),
(990044, 200035, 25),
(990045, 200035, 32),
(990046, 200005, 60),
(990046, 200009, 250),
(990046, 200032, 45),
(990047, 200045, 27),
(990047, 200050, 50),
(990048, 200028, 119),
(990049, 200010, 10000),
(990049, 200024, 111),
(990049, 200040, 35),
(990050, 200013, 85),
(990051, 200013, 124),
(990051, 200041, 80),
(990051, 200043, 1),
(990051, 200046, 43),
(990052, 200039, 78),
(990053, 200026, 150),
(990054, 200040, 45),
(990055, 200031, 97),
(990056, 200042, 1),
(990057, 200030, 53),
(990058, 200027, 64),
(990059, 200008, 1000),
(990059, 200016, 40),
(990060, 200028, 105),
(990061, 200003, 200),
(990061, 200033, 10),
(990062, 200031, 86),
(990063, 200026, 106),
(990064, 200045, 102),
(990065, 200008, 5000),
(990065, 200042, 1),
(990066, 200032, 86),
(990067, 200022, 230),
(990067, 200024, 107),
(990068, 200003, 17),
(990069, 200029, 98),
(990070, 200022, 1000),
(990071, 200010, 1500),
(990071, 200011, 23),
(990071, 200021, 85),
(990072, 200015, 92),
(990073, 200043, 225),
(990074, 200006, 86),
(990075, 200036, 102),
(990076, 200043, 11),
(990077, 200012, 49),
(990078, 200032, 66),
(990078, 200038, 150),
(990078, 200040, 55),
(990078, 200042, 86),
(990079, 200004, 300),
(990080, 200003, 18),
(990080, 200008, 250),
(990081, 200034, 30),
(990082, 200007, 82),
(990082, 200045, 42),
(990083, 200043, 90),
(990084, 200048, 57),
(990085, 200054, 4500),
(990086, 200004, 79),
(990086, 200008, 500),
(990086, 200033, 1),
(990087, 200049, 25),
(990088, 200037, 121),
(990089, 200027, 37),
(990090, 200008, 1000),
(990090, 200028, 28),
(990090, 200042, 25),
(990090, 200048, 9),
(990091, 200029, 14),
(990092, 200014, 135),
(990093, 200035, 93),
(990094, 200026, 50),
(990095, 200022, 15),
(990096, 200007, 76),
(990096, 200035, 38),
(990096, 200050, 50),
(990097, 200008, 3000),
(990098, 200024, 51),
(990098, 200046, 91),
(990099, 200006, 37),
(990100, 200024, 13),
(990101, 200027, 122),
(990102, 200029, 120),
(990103, 200043, 30),
(990104, 200047, 37),
(990105, 200043, 90),
(990106, 200005, 63),
(990107, 200050, 75),
(990108, 200004, 93),
(990109, 200035, 36),
(990110, 200004, 110),
(990111, 200003, 12),
(990112, 200008, 4000),
(990113, 200012, 80),
(990114, 200006, 117),
(990115, 200045, 5),
(990115, 200054, 1200),
(990116, 200006, 17),
(990117, 200038, 25),
(990118, 200028, 93),
(990119, 200048, 45),
(990120, 200011, 9),
(990121, 200041, 85),
(990122, 200034, 22),
(990123, 200016, 85),
(990124, 200035, 82),
(990125, 200039, 110),
(990126, 200012, 74),
(990127, 200034, 117),
(990128, 200054, 1000),
(990129, 200027, 14),
(990130, 200014, 5),
(990131, 200047, 36),
(990132, 200004, 10),
(990132, 200012, 52),
(990132, 200034, 87),
(990133, 200040, 150),
(990134, 200003, 22),
(990134, 200028, 106),
(990134, 200035, 124),
(990134, 200045, 102),
(990135, 200013, 51),
(990136, 200008, 5000),
(990137, 200034, 39),
(990138, 200048, 98),
(990139, 200009, 300),
(990139, 200022, 53),
(990139, 200041, 75),
(990139, 200056, 50),
(990140, 200024, 96),
(990141, 200006, 35),
(990142, 200028, 14),
(990143, 200003, 26),
(990144, 200010, 4500),
(990145, 200003, 17),
(990146, 200021, 60),
(990146, 200029, 11),
(990147, 200035, 38),
(990148, 200031, 116),
(990149, 200008, 8000),
(990149, 200040, 30),
(990149, 200056, 18),
(990150, 200003, 2),
(990150, 200049, 62),
(990151, 200008, 250),
(990151, 200049, 119),
(990152, 200026, 28),
(990153, 200009, 140),
(990154, 200034, 49),
(990155, 200023, 87),
(990156, 200013, 63),
(990157, 200026, 84),
(990158, 200024, 58),
(990158, 200035, 31),
(990158, 200041, 50),
(990159, 200008, 2000),
(990160, 200023, 200),
(990161, 200006, 62),
(990162, 200009, 20),
(990163, 200003, 14),
(990164, 200023, 40),
(990165, 200037, 36),
(990166, 200026, 28),
(990167, 200008, 500),
(990168, 200054, 5000),
(990169, 200005, 120),
(990170, 200014, 250),
(990170, 200023, 50),
(990170, 200047, 43),
(990171, 200005, 30),
(990171, 200010, 6000),
(990172, 200050, 12),
(990173, 200049, 18),
(990174, 200011, 67),
(990175, 200047, 80),
(990176, 200023, 108),
(990176, 200035, 6),
(990177, 200023, 93),
(990177, 200024, 26),
(990178, 200004, 92),
(990178, 200044, 11),
(990179, 200009, 118),
(990180, 200029, 350),
(990181, 200045, 120),
(990182, 200011, 40),
(990183, 200023, 62),
(990184, 200043, 50),
(990185, 200014, 10),
(990186, 200046, 107),
(990187, 200033, 116),
(990188, 200021, 250),
(990189, 200047, 43),
(990190, 200042, 120),
(990191, 200044, 21),
(990192, 200042, 250),
(990193, 200010, 5500),
(990194, 200054, 200),
(990195, 200022, 28),
(990196, 200004, 102),
(990197, 200005, 30),
(990198, 200046, 27),
(990199, 200037, 22),
(990200, 200003, 15),
(990201, 200004, 82),
(990202, 200032, 24),
(990202, 200047, 8),
(990203, 200005, 30),
(990203, 200029, 107),
(990204, 200007, 65),
(990205, 200004, 18),
(990206, 200036, 124),
(990207, 200026, 48),
(990208, 200039, 75),
(990209, 200050, 11),
(990209, 200054, 100),
(990210, 200009, 115),
(990211, 200015, 82),
(990212, 200050, 100),
(990213, 200009, 800),
(990214, 200039, 110),
(990215, 200043, 100),
(990216, 200008, 1250),
(990216, 200027, 72),
(990216, 200037, 64),
(990217, 200023, 117),
(990218, 200037, 20),
(990219, 200005, 90),
(990220, 200050, 25),
(990221, 200007, 80),
(990222, 200035, 45),
(990223, 200044, 124),
(990224, 200003, 32),
(990225, 200007, 29),
(990225, 200010, 500),
(990225, 200015, 75),
(990225, 200026, 72),
(990226, 200027, 99),
(990227, 200004, 120),
(990228, 200031, 93),
(990229, 200004, 101),
(990230, 200048, 92),
(990231, 200040, 30),
(990232, 200023, 77),
(990233, 200015, 12),
(990234, 200046, 117),
(990235, 200029, 6),
(990235, 200036, 13),
(990236, 200021, 50),
(990237, 200056, 22),
(990238, 200045, 3),
(990239, 200004, 16),
(990240, 200024, 54),
(990241, 200043, 120),
(990242, 200005, 80),
(990243, 200003, 41),
(990244, 200044, 48),
(990245, 200009, 3250),
(990246, 200005, 20),
(990246, 200050, 150),
(990247, 200004, 110),
(990248, 200031, 7),
(990249, 200031, 110),
(990250, 200028, 110),
(990251, 200049, 100),
(990252, 200013, 30),
(990252, 200044, 65),
(990253, 200023, 20),
(990254, 200011, 47),
(990255, 200039, 75),
(990256, 200026, 15),
(990257, 200005, 25),
(990258, 200012, 32),
(990258, 200047, 15),
(990258, 200050, 300),
(990259, 200022, 26),
(990260, 200023, 123),
(990261, 200009, 1500),
(990262, 200036, 69),
(990263, 200012, 6),
(990264, 200026, 39),
(990265, 200034, 110),
(990266, 200008, 1000),
(990266, 200010, 50),
(990267, 200050, 250),
(990268, 200008, 500),
(990268, 200040, 90),
(990269, 200016, 65),
(990269, 200050, 250),
(990270, 200021, 60),
(990271, 200008, 3000),
(990271, 200030, 123),
(990271, 200047, 28),
(990271, 200050, 250),
(990271, 200056, 102),
(990272, 200004, 40),
(990273, 200039, 400),
(990274, 200028, 60),
(990275, 200029, 112),
(990276, 200016, 25),
(990277, 200014, 100),
(990278, 200035, 107),
(990279, 200012, 113),
(990280, 200004, 84),
(990281, 200010, 50),
(990282, 200042, 75),
(990282, 200049, 34),
(990283, 200003, 6),
(990284, 200045, 86),
(990285, 200008, 750),
(990285, 200047, 9),
(990286, 200029, 27),
(990287, 200034, 1),
(990288, 200044, 124),
(990289, 200048, 112),
(990290, 200040, 40),
(990291, 200014, 7),
(990292, 200041, 30),
(990293, 200029, 77),
(990294, 200032, 44),
(990295, 200022, 1500),
(990296, 200010, 8000),
(990297, 200049, 14),
(990298, 200034, 40),
(990299, 200037, 56),
(990300, 200035, 31),
(990301, 200015, 20),
(990302, 200043, 75),
(990303, 200010, 1000),
(990304, 200049, 91),
(990305, 200005, 120),
(990306, 200046, 72),
(990307, 200024, 68),
(990308, 200003, 4),
(990309, 200007, 85),
(990310, 200054, 100),
(990311, 200038, 25),
(990312, 200035, 85),
(990313, 200047, 47),
(990314, 200024, 78),
(990315, 200040, 120),
(990316, 200022, 68),
(990317, 200021, 29),
(990317, 200027, 16),
(990317, 200048, 28),
(990318, 200003, 31),
(990319, 200049, 92),
(990320, 200032, 74),
(990321, 200037, 103),
(990322, 200022, 13),
(990323, 200033, 8),
(990324, 200032, 110),
(990325, 200045, 41),
(990326, 200016, 100),
(990326, 200045, 28),
(990327, 200049, 39),
(990328, 200005, 100),
(990329, 200021, 56),
(990329, 200023, 88),
(990329, 200032, 97),
(990329, 200046, 100),
(990330, 200011, 18),
(990331, 200049, 74),
(990332, 200011, 23),
(990333, 200004, 48),
(990334, 200050, 40),
(990335, 200028, 68),
(990336, 200050, 100),
(990337, 200012, 45),
(990338, 200026, 117),
(990339, 200035, 64),
(990340, 200004, 39),
(990341, 200032, 99),
(990341, 200038, 10),
(990342, 200028, 100),
(990343, 200049, 93),
(990344, 200026, 35),
(990345, 200007, 16),
(990345, 200050, 25),
(990346, 200026, 120),
(990347, 200033, 16),
(990348, 200038, 500),
(990349, 200009, 1200),
(990350, 200027, 61),
(990351, 200027, 43),
(990352, 200043, 24),
(990353, 200008, 6500),
(990354, 200044, 31),
(990355, 200039, 300),
(990356, 200028, 26),
(990357, 200039, 150),
(990358, 200014, 111),
(990359, 200043, 82),
(990360, 200007, 62),
(990361, 200022, 58),
(990362, 200044, 35),
(990363, 200010, 1250),
(990364, 200047, 111),
(990365, 200011, 107),
(990366, 200010, 65),
(990367, 200010, 400),
(990368, 200029, 124),
(990369, 200050, 450),
(990370, 200012, 48),
(990371, 200010, 6500),
(990371, 200013, 44),
(990371, 200023, 111),
(990372, 200022, 113),
(990373, 200005, 35),
(990374, 200042, 85),
(990375, 200044, 36),
(990376, 200005, 50),
(990377, 200049, 47),
(990378, 200049, 103),
(990379, 200022, 58),
(990380, 200007, 16),
(990380, 200023, 10),
(990381, 200015, 123),
(990381, 200042, 2),
(990382, 200003, 200),
(990382, 200021, 2),
(990383, 200004, 26),
(990384, 200044, 63),
(990385, 200010, 10000),
(990386, 200049, 80),
(990387, 200034, 71),
(990388, 200015, 8),
(990389, 200025, 19),
(990390, 200010, 7500),
(990391, 200037, 40),
(990392, 200003, 25),
(990393, 200021, 8),
(990394, 200040, 30),
(990395, 200028, 64),
(990396, 200048, 92),
(990397, 200021, 51),
(990398, 200033, 16),
(990399, 200004, 30),
(990400, 200010, 3500),
(990400, 200013, 115),
(990401, 200016, 100),
(990402, 200048, 106),
(990403, 200030, 105),
(990403, 200031, 39),
(990403, 200046, 500),
(990404, 200010, 5000),
(990405, 200038, 350),
(990406, 200013, 37),
(990407, 200031, 30),
(990408, 200038, 25),
(990409, 200026, 45),
(990410, 200022, 850),
(990411, 200042, 1),
(990412, 200008, 1000),
(990413, 200010, 6250),
(990414, 200032, 17),
(990415, 200054, 100),
(990416, 200016, 100),
(990417, 200007, 67),
(990417, 200010, 3500),
(990417, 200014, 88),
(990417, 200034, 65),
(990418, 200046, 350),
(990419, 200028, 100),
(990420, 200034, 55),
(990421, 200050, 120),
(990422, 200047, 123),
(990423, 200015, 34),
(990424, 200038, 100),
(990425, 200025, 14),
(990426, 200014, 122),
(990427, 200014, 88),
(990428, 200040, 15),
(990429, 200035, 17),
(990429, 200037, 82),
(990430, 200050, 125),
(990431, 200009, 1000),
(990431, 200035, 2),
(990432, 200037, 51),
(990433, 200003, 5),
(990433, 200026, 43),
(990434, 200008, 1250),
(990435, 200006, 122),
(990436, 200050, 100),
(990437, 200028, 500),
(990438, 200033, 20),
(990439, 200015, 420),
(990439, 200036, 1),
(990439, 200039, 100),
(990439, 200043, 112),
(990440, 200006, 102),
(990441, 200010, 4500),
(990442, 200006, 75),
(990443, 200041, 100),
(990444, 200047, 119),
(990445, 200044, 53),
(990446, 200011, 32),
(990447, 200010, 7500),
(990448, 200004, 120),
(990449, 200011, 58),
(990450, 200028, 300),
(990450, 200034, 72),
(990450, 200036, 114),
(990451, 200003, 30),
(990452, 200022, 76),
(990453, 200014, 32),
(990454, 200036, 55),
(990455, 200010, 3250),
(990455, 200025, 54),
(990456, 200026, 89),
(990456, 200048, 39),
(990456, 200050, 100);

-- --------------------------------------------------------

--
-- Tabelstructuur voor tabel `orders`
--

CREATE TABLE `orders` (
  `ordernr` int(4) NOT NULL DEFAULT 0,
  `klantnr` int(4) NOT NULL DEFAULT 0,
  `persnr` int(4) NOT NULL DEFAULT 0,
  `orderdatum` date NOT NULL DEFAULT '0000-00-00',
  `orderbedrag` decimal(10,2) NOT NULL DEFAULT 0.00,
  `leverdatum` date NOT NULL DEFAULT '0000-00-00',
  `verzendcode` int(11) NOT NULL DEFAULT 0,
  `betalingscondities` varchar(12) NOT NULL DEFAULT '',
  `orderopmerking` varchar(50) NOT NULL DEFAULT ''
) ENGINE=MyISAM DEFAULT CHARSET=latin1;

--
-- Gegevens worden geëxporteerd voor tabel `orders`
--

INSERT INTO `orders` (`ordernr`, `klantnr`, `persnr`, `orderdatum`, `orderbedrag`, `leverdatum`, `verzendcode`, `betalingscondities`, `orderopmerking`) VALUES
(970001, 100008, 26, '1997-01-02', '2566.00', '1997-02-11', 2, '30 dagen', 'aanbetaling ca 50%\r'),
(970002, 100027, 26, '1997-01-03', '67550.00', '1997-01-16', 1, '30 dagen', '\r'),
(970003, 100003, 29, '1997-01-03', '1084.26', '1997-02-11', 4, 'vooraf', 'spoed\r'),
(970004, 100003, 29, '1997-01-03', '2703.52', '1997-02-04', 4, 'vooraf', '\r'),
(970005, 100028, 23, '1997-01-03', '1922.30', '1997-01-22', 3, 'rembours', '\r'),
(970006, 100017, 22, '1997-01-04', '8429.00', '1997-02-04', 2, 'vooraf', '\r'),
(970007, 100023, 20, '1997-01-04', '20064.00', '1997-02-03', 3, 'vooraf', '\r'),
(970008, 100012, 28, '1997-01-06', '13755.00', '1997-02-05', 2, 'rembours', '\r'),
(970009, 100027, 26, '1997-01-07', '47652.38', '1997-01-29', 3, '30 dagen', '\r'),
(970010, 100007, 29, '1997-01-08', '179062.50', '1997-01-14', 3, '30 dagen', '\r'),
(970011, 100022, 23, '1997-01-11', '557.50', '1997-01-27', 2, 'vooraf', '\r'),
(970012, 100039, 22, '1997-01-13', '2867.65', '1997-01-21', 4, 'rembours', '\r'),
(970013, 100019, 23, '1997-01-15', '1230.00', '1997-02-08', 2, 'rembours', '\r'),
(970014, 100019, 22, '1997-01-15', '249.00', '1997-02-07', 4, 'rembours', 'spoed\r'),
(970015, 100026, 20, '1997-01-16', '10569.44', '1997-02-16', 3, 'vooraf', '\r'),
(970016, 100006, 22, '1997-01-17', '465.00', '1997-01-29', 3, 'vooraf', '\r'),
(970017, 100007, 26, '1997-01-18', '58032.60', '1997-02-10', 2, '30 dagen', '\r'),
(970018, 100031, 24, '1997-01-20', '774.69', '1997-02-21', 2, '30 dagen', '\r'),
(970019, 100030, 23, '1997-01-21', '23277.30', '1997-02-15', 3, 'rembours', '\r'),
(970020, 100018, 22, '1997-01-21', '123.00', '1997-03-02', 2, 'rembours', '\r'),
(970021, 100001, 28, '1997-01-22', '332.10', '1997-02-01', 2, 'rembours', '\r'),
(970022, 100031, 29, '1997-01-22', '8803.87', '1997-02-22', 2, '30 dagen', '\r'),
(970023, 100001, 22, '1997-01-23', '1592.00', '1997-03-05', 2, 'rembours', '\r'),
(970024, 100008, 23, '1997-01-24', '6925.00', '1997-03-06', 4, '30 dagen', '\r'),
(970025, 100013, 23, '1997-01-25', '6000.00', '1997-02-04', 1, 'rembours', '\r'),
(970026, 100005, 23, '1997-01-27', '47400.00', '1997-02-12', 2, '30 dagen', '\r'),
(970027, 100040, 24, '1997-01-28', '4711.29', '1997-02-18', 2, 'rembours', '\r'),
(970028, 100009, 26, '1997-01-28', '12509.70', '1997-02-17', 3, '30 dagen', '\r'),
(970029, 100008, 23, '1997-01-28', '26282.40', '1997-02-17', 4, '30 dagen', '\r'),
(970030, 100026, 29, '1997-01-30', '2007.00', '1997-02-07', 4, 'vooraf', '\r'),
(970031, 100036, 22, '1997-01-30', '18320.00', '1997-02-10', 2, 'vooraf', 'aflevering in overleg\r'),
(970032, 100018, 29, '1997-01-31', '2617.38', '1997-02-08', 2, 'rembours', '\r'),
(970033, 100040, 28, '1997-02-01', '910.00', '1997-02-06', 1, 'rembours', '\r'),
(970034, 100013, 29, '1997-02-01', '44564.00', '1997-03-03', 1, 'rembours', '\r'),
(970035, 100003, 23, '1997-02-02', '21777.00', '1997-02-17', 2, 'vooraf', '\r'),
(970036, 100022, 23, '1997-02-03', '1820.00', '1997-02-11', 2, 'vooraf', '\r'),
(970037, 100021, 26, '1997-02-05', '29362.00', '1997-03-04', 3, '30 dagen', '\r'),
(970038, 100032, 24, '1997-02-05', '868.50', '1997-03-13', 2, 'vooraf', '\r'),
(970039, 100032, 28, '1997-02-06', '60000.00', '1997-03-15', 2, 'vooraf', '\r'),
(970040, 100028, 29, '1997-02-08', '191.59', '1997-02-20', 3, 'rembours', '\r'),
(970041, 100019, 26, '1997-02-09', '1447.50', '1997-02-21', 3, 'rembours', '\r'),
(970042, 100022, 28, '1997-02-09', '1299.00', '1997-03-10', 3, 'vooraf', '\r'),
(970043, 100010, 26, '1997-02-10', '30193.00', '1997-03-11', 1, '30 dagen', '\r'),
(970044, 100015, 23, '1997-02-10', '18850.00', '1997-03-12', 3, '30 dagen', '\r'),
(970045, 100033, 20, '1997-02-11', '1200.00', '1997-02-21', 4, 'rembours', '\r'),
(970046, 100023, 23, '1997-02-12', '39039.00', '1997-03-21', 3, 'vooraf', '\r'),
(970047, 100005, 29, '1997-02-12', '25750.00', '1997-03-10', 3, '30 dagen', '\r'),
(970048, 100001, 26, '1997-02-12', '1818.60', '1997-03-09', 4, 'rembours', '\r'),
(970049, 100040, 23, '1997-02-13', '3849.00', '1997-03-03', 1, 'rembours', '\r'),
(970050, 100009, 23, '1997-02-13', '160.00', '1997-03-02', 3, '30 dagen', '\r'),
(970051, 100028, 20, '1997-02-15', '13206.00', '1997-02-20', 2, 'rembours', '\r'),
(970052, 100011, 23, '1997-02-15', '2380.00', '1997-03-08', 3, 'vooraf', '\r'),
(970053, 100031, 26, '1997-02-15', '2951.20', '1997-02-22', 3, '30 dagen', '\r'),
(970054, 100032, 29, '1997-02-15', '3770.00', '1997-03-02', 2, 'vooraf', '\r'),
(970055, 100018, 20, '1997-02-16', '15795.30', '1997-03-17', 2, 'rembours', '\r'),
(970056, 100038, 29, '1997-02-16', '9695.00', '1997-03-10', 3, 'rembours', '\r'),
(970058, 100020, 26, '1997-02-16', '600.00', '1997-02-22', 1, 'rembours', '\r'),
(970059, 100009, 23, '1997-02-17', '29625.00', '1997-03-18', 3, '30 dagen', 'op afroep\r'),
(970060, 100039, 29, '1997-02-18', '3270.00', '1997-03-06', 2, 'rembours', '\r'),
(970061, 100010, 29, '1997-02-21', '13447.50', '1997-03-25', 3, '30 dagen', '\r'),
(970062, 100029, 24, '1997-02-21', '12465.00', '1997-04-01', 4, 'rembours', '\r'),
(970063, 100008, 29, '1997-02-22', '4200.10', '1997-03-30', 4, '30 dagen', '\r'),
(970064, 100007, 26, '1997-02-22', '22650.00', '1997-03-17', 3, '30 dagen', '\r'),
(970065, 100036, 29, '1997-02-23', '17136.70', '1997-04-04', 3, 'vooraf', '\r'),
(970066, 100022, 23, '1997-02-23', '400.00', '1997-03-16', 2, 'vooraf', '\r'),
(970067, 100008, 23, '1997-02-23', '3304.00', '1997-03-01', 4, '30 dagen', '\r'),
(970068, 100009, 26, '1997-02-24', '43.00', '1997-03-14', 3, '30 dagen', '\r'),
(970069, 100010, 22, '1997-02-24', '179.98', '1997-03-30', 4, '30 dagen', '\r'),
(970070, 100000, 29, '1997-02-25', '3723.80', '1997-04-06', 2, '30 dagen', '\r'),
(970071, 100031, 28, '1997-02-25', '70956.00', '1997-03-08', 4, '30 dagen', '\r'),
(970072, 100019, 26, '1997-02-26', '2000.00', '1997-04-06', 4, 'rembours', '\r'),
(970073, 100038, 26, '1997-03-01', '9460.00', '1997-04-09', 2, 'rembours', '\r'),
(970074, 100029, 26, '1997-03-01', '2296.90', '1997-04-09', 4, 'rembours', '\r'),
(970075, 100031, 29, '1997-03-02', '15226.10', '1997-04-01', 2, '30 dagen', '\r'),
(970076, 100014, 23, '1997-03-03', '1529.83', '1997-03-22', 1, 'rembours', '\r'),
(970077, 100015, 20, '1997-03-04', '3155.60', '1997-03-28', 4, '30 dagen', '\r'),
(970078, 100001, 29, '1997-03-05', '7807.75', '1997-03-16', 3, 'rembours', '\r'),
(970079, 100036, 26, '1997-03-06', '10400.00', '1997-03-12', 2, 'vooraf', '\r'),
(970080, 100002, 26, '1997-03-10', '66965.20', '1997-03-18', 2, 'vooraf', '\r'),
(970081, 100018, 20, '1997-03-12', '510.00', '1997-04-09', 3, 'rembours', '\r'),
(970082, 100031, 23, '1997-03-12', '85650.00', '1997-03-21', 2, '30 dagen', '\r'),
(970083, 100020, 23, '1997-03-12', '7260.00', '1997-04-02', 3, 'rembours', '\r'),
(970084, 100019, 23, '1997-03-13', '630.00', '1997-04-06', 4, 'rembours', '\r'),
(970085, 100009, 26, '1997-03-13', '33975.00', '1997-03-26', 1, '30 dagen', '\r'),
(970086, 100017, 28, '1997-03-13', '19267.32', '1997-04-20', 4, 'vooraf', '\r'),
(970087, 100019, 28, '1997-03-14', '100.00', '1997-03-29', 2, 'rembours', '\r'),
(970088, 100027, 20, '1997-03-14', '249.90', '1997-04-11', 1, '30 dagen', '\r'),
(970089, 100017, 23, '1997-03-16', '713.40', '1997-04-11', 1, 'vooraf', '\r'),
(970090, 100016, 23, '1997-03-17', '65069.00', '1997-04-19', 2, 'vooraf', '\r'),
(970091, 100034, 23, '1997-03-17', '200.00', '1997-04-22', 2, 'rembours', '\r'),
(970092, 100009, 26, '1997-03-17', '4.30', '1997-03-27', 4, '30 dagen', '\r'),
(970093, 100002, 26, '1997-03-18', '772.00', '1997-04-05', 4, 'vooraf', '\r'),
(970094, 100037, 28, '1997-03-18', '7725.00', '1997-04-26', 2, '30 dagen', '\r'),
(970095, 100024, 28, '1997-03-18', '650.00', '1997-03-25', 3, 'vooraf', '\r'),
(970096, 100003, 29, '1997-03-18', '23223.00', '1997-04-14', 2, 'vooraf', '\r'),
(970097, 100032, 24, '1997-03-18', '694.40', '1997-04-10', 4, 'vooraf', '\r'),
(970098, 100034, 24, '1997-03-19', '4908.00', '1997-03-25', 1, 'rembours', '\r'),
(970099, 100010, 26, '1997-03-21', '455.00', '1997-03-29', 4, '30 dagen', '\r'),
(970100, 100025, 28, '1997-03-22', '465.00', '1997-04-20', 4, 'vooraf', '\r'),
(970101, 100027, 26, '1997-03-23', '9150.00', '1997-04-22', 3, '30 dagen', '\r'),
(970102, 100016, 23, '1997-03-23', '334.50', '1997-04-30', 4, 'vooraf', '\r'),
(970103, 100015, 23, '1997-03-24', '190.00', '1997-04-03', 2, '30 dagen', '\r'),
(970104, 100027, 23, '1997-03-25', '661.20', '1997-04-14', 3, '30 dagen', '\r'),
(970105, 100039, 28, '1997-03-25', '13600.00', '1997-03-30', 3, 'rembours', '\r'),
(970106, 100023, 24, '1997-03-26', '1200.00', '1997-05-04', 2, 'vooraf', '\r'),
(970107, 100031, 23, '1997-03-26', '1800.00', '1997-04-24', 4, '30 dagen', '\r'),
(970108, 100024, 28, '1997-03-29', '1300.00', '1997-04-05', 1, 'vooraf', '\r'),
(970109, 100036, 29, '1997-03-30', '673.40', '1997-04-08', 3, 'vooraf', '\r'),
(970110, 100013, 23, '1997-03-30', '1849.90', '1997-04-12', 3, 'rembours', '\r'),
(970111, 100028, 23, '1997-03-31', '29646.00', '1997-05-08', 1, 'rembours', '\r'),
(970112, 100005, 23, '1997-04-01', '3767.40', '1997-04-26', 2, '30 dagen', '\r'),
(970113, 100026, 23, '1997-04-02', '98100.00', '1997-04-29', 3, 'vooraf', '\r'),
(970114, 100008, 28, '1997-04-02', '2997.00', '1997-04-13', 2, '30 dagen', '\r'),
(970115, 100022, 24, '1997-04-03', '90850.00', '1997-04-28', 1, 'vooraf', '\r'),
(970116, 100038, 26, '1997-04-05', '17680.00', '1997-05-13', 4, 'rembours', '\r'),
(970117, 100025, 26, '1997-04-08', '868.50', '1997-04-24', 1, 'vooraf', '\r'),
(970118, 100039, 26, '1997-04-10', '180.00', '1997-05-19', 2, 'rembours', '\r'),
(970119, 100038, 22, '1997-04-10', '1061.50', '1997-05-11', 1, 'rembours', '\r'),
(970120, 100024, 20, '1997-04-11', '1079.88', '1997-05-01', 3, 'vooraf', '\r'),
(970121, 100039, 22, '1997-04-11', '1600.00', '1997-05-12', 2, 'rembours', '\r'),
(970122, 100006, 24, '1997-04-11', '1599.20', '1997-05-12', 4, 'vooraf', '\r'),
(970123, 100010, 29, '1997-04-12', '2129.40', '1997-04-19', 1, '30 dagen', '\r'),
(970124, 100003, 26, '1997-04-12', '336.00', '1997-05-07', 4, 'vooraf', '\r'),
(970125, 100016, 20, '1997-04-13', '1195.00', '1997-04-24', 1, 'vooraf', '\r'),
(970126, 100005, 26, '1997-04-14', '309.40', '1997-05-23', 2, '30 dagen', '\r'),
(970127, 100035, 22, '1997-04-14', '1350.00', '1997-05-07', 1, '30 dagen', '\r'),
(970128, 100018, 28, '1997-04-14', '2306.40', '1997-05-20', 3, 'rembours', '\r'),
(970129, 100005, 26, '1997-04-15', '14535.00', '1997-05-04', 1, '30 dagen', '\r'),
(970130, 100004, 26, '1997-04-15', '83.25', '1997-05-25', 2, '30 dagen', '\r'),
(970131, 100008, 28, '1997-04-17', '39500.00', '1997-05-26', 3, '30 dagen', '\r'),
(970132, 100039, 23, '1997-04-18', '1755.26', '1997-04-26', 1, 'rembours', '\r'),
(970133, 100038, 22, '1997-04-19', '695.00', '1997-05-06', 3, 'rembours', '\r'),
(970134, 100001, 28, '1997-04-20', '6079.87', '1997-05-06', 4, 'rembours', '\r'),
(970135, 100003, 23, '1997-04-21', '227.50', '1997-05-19', 3, 'vooraf', '\r'),
(970136, 100034, 24, '1997-04-22', '2916.00', '1997-05-02', 3, 'rembours', '\r'),
(970137, 100025, 26, '1997-04-23', '5850.00', '1997-06-03', 3, 'vooraf', '\r'),
(970138, 100039, 23, '1997-04-25', '86.85', '1997-05-13', 3, 'rembours', '\r'),
(970139, 100016, 20, '1997-04-27', '58516.28', '1997-05-06', 2, 'vooraf', '\r'),
(970140, 100025, 26, '1997-04-28', '620.00', '1997-06-02', 2, 'vooraf', '\r'),
(970141, 100028, 22, '1997-04-30', '1979.78', '1997-05-08', 2, 'rembours', '\r'),
(970143, 100009, 20, '1997-04-30', '2000.00', '1997-05-31', 3, '30 dagen', '\r'),
(970144, 100020, 24, '1997-05-01', '324.87', '1997-05-15', 1, 'rembours', '\r'),
(970145, 100026, 28, '1997-05-03', '31654.00', '1997-05-18', 3, 'vooraf', '\r'),
(970146, 100035, 20, '1997-05-04', '9081.90', '1997-05-27', 2, '30 dagen', '\r'),
(970147, 100011, 23, '1997-05-05', '218.64', '1997-06-11', 4, 'vooraf', '\r'),
(970148, 100024, 29, '1997-05-05', '34.00', '1997-05-15', 2, 'vooraf', '\r'),
(970149, 100026, 28, '1997-05-05', '14645.00', '1997-06-12', 4, 'vooraf', '\r'),
(970150, 100031, 23, '1997-05-05', '15534.74', '1997-05-13', 3, '30 dagen', '\r'),
(970151, 100038, 24, '1997-05-06', '8451.90', '1997-05-22', 1, 'rembours', '\r'),
(970152, 100016, 23, '1997-05-07', '3864.00', '1997-05-20', 3, 'vooraf', '\r'),
(970153, 100035, 22, '1997-05-07', '190.00', '1997-06-01', 3, '30 dagen', '\r'),
(970154, 100000, 26, '1997-05-07', '5022.80', '1997-05-12', 2, '30 dagen', '\r'),
(970155, 100024, 22, '1997-05-07', '27977.00', '1997-06-17', 2, 'vooraf', '\r'),
(970156, 100008, 28, '1997-05-08', '3200.00', '1997-06-14', 1, 'op rekening', '\r'),
(970157, 100026, 23, '1997-05-09', '5310.00', '1997-06-17', 3, 'vooraf', '\r'),
(970158, 100003, 23, '1997-05-09', '19437.98', '1997-06-14', 1, 'vooraf', '\r'),
(970159, 100001, 22, '1997-05-10', '36771.00', '1997-05-30', 2, 'rembours', '\r'),
(970160, 100014, 23, '1997-05-10', '5124.00', '1997-06-15', 3, 'rembours', '\r'),
(970161, 100007, 26, '1997-05-11', '226.00', '1997-06-05', 3, '30 dagen', '\r'),
(970162, 100024, 20, '1997-05-11', '408.17', '1997-05-21', 3, 'vooraf', '\r'),
(970163, 100039, 23, '1997-05-12', '11301.30', '1997-06-05', 1, 'rembours', '\r'),
(970165, 100005, 26, '1997-05-13', '15372.00', '1997-06-11', 1, '30 dagen', '\r'),
(970166, 100018, 28, '1997-05-13', '155.00', '1997-06-09', 3, 'rembours', '\r'),
(970167, 100039, 29, '1997-05-14', '8253.40', '1997-06-06', 1, 'rembours', '\r'),
(970168, 100029, 20, '1997-05-14', '11850.00', '1997-06-05', 2, 'rembours', '\r'),
(970169, 100032, 20, '1997-05-15', '800.00', '1997-06-23', 1, 'vooraf', '\r'),
(970170, 100021, 28, '1997-05-16', '35100.00', '1997-06-11', 4, 'op rekening', '\r'),
(970171, 100001, 24, '1997-05-16', '6455.86', '1997-05-25', 1, 'rembours', '\r'),
(970172, 100016, 29, '1997-05-18', '234.00', '1997-06-22', 1, 'vooraf', '\r'),
(970173, 100005, 29, '1997-05-18', '5124.00', '1997-06-22', 4, 'op rekening', '\r'),
(970174, 100033, 24, '1997-05-18', '200.00', '1997-06-07', 3, 'rembours', '\r'),
(970175, 100000, 29, '1997-05-19', '112.00', '1997-06-13', 3, '30 dagen', '\r'),
(970176, 100019, 20, '1997-05-20', '1211.00', '1997-05-27', 1, 'rembours', '\r'),
(970177, 100000, 26, '1997-05-20', '9978.00', '1997-06-07', 4, 'op rekening', '\r'),
(970178, 100014, 26, '1997-05-21', '560.05', '1997-06-10', 1, 'rembours', '\r'),
(970179, 100010, 24, '1997-05-25', '4080.00', '1997-06-27', 1, 'op rekening', '\r'),
(970180, 100022, 20, '1997-05-25', '5562.00', '1997-06-26', 3, 'vooraf', '\r'),
(970181, 100011, 26, '1997-05-26', '619.75', '1997-06-26', 3, 'vooraf', '\r'),
(970182, 100007, 26, '1997-05-27', '6480.00', '1997-07-05', 4, '30 dagen', '\r'),
(970183, 100020, 26, '1997-05-27', '14029.20', '1997-06-05', 2, 'rembours', '\r'),
(970184, 100027, 26, '1997-05-29', '30.00', '1997-06-05', 2, '30 dagen', '\r'),
(970185, 100038, 29, '1997-05-29', '12080.70', '1997-07-09', 3, 'rembours', '\r'),
(970186, 100024, 26, '1997-05-30', '3699.80', '1997-06-11', 3, 'vooraf', '\r'),
(970187, 100036, 22, '1997-05-31', '1925.00', '1997-06-17', 1, 'vooraf', '\r'),
(970188, 100027, 29, '1997-06-02', '887.80', '1997-06-14', 4, '30 dagen', '\r'),
(970189, 100030, 22, '1997-06-02', '500.00', '1997-06-26', 3, 'rembours', '\r'),
(970190, 100034, 24, '1997-06-02', '1674.40', '1997-06-09', 3, 'rembours', '\r'),
(970191, 100019, 20, '1997-06-04', '27246.00', '1997-06-19', 3, 'rembours', '\r'),
(970192, 100025, 29, '1997-06-04', '370.00', '1997-06-23', 4, 'vooraf', '\r'),
(970193, 100011, 28, '1997-06-04', '8053.80', '1997-07-12', 4, 'vooraf', '\r'),
(970194, 100003, 29, '1997-06-05', '40875.00', '1997-07-04', 4, 'vooraf', '\r'),
(970195, 100028, 28, '1997-06-06', '1365.00', '1997-07-15', 1, 'rembours', '\r'),
(970196, 100021, 26, '1997-06-06', '1440.00', '1997-07-15', 3, 'op rekening', '\r'),
(970197, 100034, 24, '1997-06-07', '498.80', '1997-07-08', 4, 'rembours', '\r'),
(970198, 100018, 20, '1997-06-07', '1254.60', '1997-06-20', 2, 'rembours', '\r'),
(970199, 100003, 23, '1997-06-10', '3483.00', '1997-07-10', 4, 'vooraf', '\r'),
(970200, 100004, 26, '1997-06-11', '15855.00', '1997-06-18', 1, 'op rekening', '\r'),
(970201, 100012, 24, '1997-06-12', '3675.00', '1997-07-03', 4, 'rembours', '\r'),
(970202, 100021, 22, '1997-06-14', '58230.00', '1997-06-27', 2, 'op rekening', '\r'),
(970203, 100026, 23, '1997-06-15', '1782.40', '1997-06-20', 2, 'vooraf', '\r'),
(970204, 100033, 29, '1997-06-16', '2800.00', '1997-07-12', 3, 'rembours', '\r'),
(970205, 100002, 23, '1997-06-16', '4200.00', '1997-06-30', 2, 'vooraf', '\r'),
(970206, 100015, 23, '1997-06-16', '143.00', '1997-07-17', 4, 'op rekening', '\r'),
(970207, 100024, 28, '1997-06-16', '1349.85', '1997-07-10', 4, 'vooraf', '\r'),
(970208, 100001, 28, '1997-06-17', '791.30', '1997-06-30', 2, 'rembours', '\r'),
(970209, 100029, 23, '1997-06-17', '3288.00', '1997-07-08', 1, 'rembours', '\r'),
(970210, 100021, 23, '1997-06-18', '2530.00', '1997-07-25', 2, 'op rekening', '\r'),
(970211, 100018, 20, '1997-06-18', '3445.40', '1997-07-29', 2, 'rembours', '\r'),
(970212, 100016, 23, '1997-06-19', '189.00', '1997-07-03', 4, 'vooraf', '\r'),
(970213, 100028, 24, '1997-06-20', '565.50', '1997-07-02', 2, 'rembours', '\r'),
(970214, 100022, 23, '1997-06-22', '173.70', '1997-07-21', 3, 'vooraf', '\r'),
(970215, 100005, 20, '1997-06-23', '620.00', '1997-07-30', 2, 'op rekening', '\r'),
(970216, 100010, 22, '1997-06-24', '11496.50', '1997-07-12', 2, 'op rekening', '\r'),
(970217, 100033, 24, '1997-06-24', '3740.00', '1997-07-31', 3, 'rembours', '\r'),
(970218, 100038, 23, '1997-06-25', '300.00', '1997-07-27', 2, 'rembours', '\r'),
(970219, 100022, 23, '1997-06-27', '984.00', '1997-07-09', 3, 'vooraf', '\r'),
(970220, 100015, 29, '1997-06-29', '3978.00', '1997-07-07', 2, '30 dagen', '\r'),
(970221, 100009, 24, '1997-07-01', '1800.00', '1997-08-02', 2, '30 dagen', '\r'),
(970222, 100009, 29, '1997-07-01', '750.60', '1997-07-29', 3, '30 dagen', '\r'),
(970223, 100039, 29, '1997-07-03', '32700.00', '1997-08-02', 2, 'rembours', '\r'),
(970224, 100000, 29, '1997-07-04', '500.00', '1997-07-09', 3, '30 dagen', '\r'),
(970225, 100008, 23, '1997-07-04', '33110.30', '1997-07-09', 1, '30 dagen', '\r'),
(970226, 100038, 24, '1997-07-04', '630.00', '1997-07-15', 3, 'rembours', '\r'),
(970227, 100007, 23, '1997-07-05', '2380.00', '1997-07-17', 3, '30 dagen', '\r'),
(970228, 100003, 26, '1997-07-05', '696.00', '1997-08-13', 2, 'vooraf', '\r'),
(970229, 100027, 26, '1997-07-06', '225.00', '1997-07-26', 3, 'op rekening', '\r'),
(970230, 100019, 24, '1997-07-08', '21700.00', '1997-07-20', 2, 'rembours', '\r'),
(970231, 100021, 23, '1997-07-08', '2879.68', '1997-07-21', 4, '30 dagen', '\r'),
(970232, 100008, 23, '1997-07-09', '9880.00', '1997-08-06', 2, '30 dagen', '\r'),
(970233, 100038, 29, '1997-07-09', '922.50', '1997-08-12', 3, 'rembours', '\r'),
(970234, 100021, 26, '1997-07-10', '252.30', '1997-08-17', 3, '30 dagen', '\r'),
(970235, 100026, 24, '1997-07-10', '33482.00', '1997-07-30', 1, 'vooraf', '\r'),
(970236, 100037, 24, '1997-07-12', '1158.00', '1997-08-10', 2, '30 dagen', '\r'),
(970237, 100024, 29, '1997-07-12', '4026.90', '1997-07-18', 2, 'vooraf', '\r'),
(970238, 100004, 28, '1997-07-14', '965.00', '1997-08-22', 4, '30 dagen', '\r'),
(970239, 100023, 29, '1997-07-14', '29716.00', '1997-08-10', 3, 'vooraf', '\r'),
(970240, 100032, 29, '1997-07-14', '13850.00', '1997-08-08', 3, 'vooraf', '\r'),
(970241, 100038, 20, '1997-07-15', '10002.30', '1997-08-25', 3, 'rembours', '\r'),
(970242, 100032, 20, '1997-07-15', '147.60', '1997-08-03', 1, 'vooraf', '\r'),
(970243, 100000, 23, '1997-07-15', '1440.00', '1997-07-21', 1, '30 dagen', '\r'),
(970244, 100030, 28, '1997-07-16', '65.00', '1997-07-29', 2, 'rembours', '\r'),
(970245, 100013, 29, '1997-07-16', '12255.00', '1997-07-27', 3, 'rembours', '\r'),
(970246, 100025, 24, '1997-07-17', '3202.30', '1997-07-31', 1, 'vooraf', '\r'),
(970247, 100025, 28, '1997-07-18', '717.00', '1997-08-07', 3, 'vooraf', '\r'),
(970248, 100034, 28, '1997-07-19', '154.40', '1997-07-29', 2, 'rembours', '\r'),
(970249, 100012, 29, '1997-07-20', '7684.20', '1997-08-12', 3, 'rembours', '\r'),
(970250, 100025, 28, '1997-07-20', '114450.00', '1997-08-09', 3, 'vooraf', '\r'),
(970251, 100006, 29, '1997-07-22', '504.00', '1997-08-16', 3, 'vooraf', '\r'),
(970252, 100025, 26, '1997-07-23', '9219.90', '1997-07-31', 3, 'vooraf', '\r'),
(970253, 100007, 23, '1997-07-24', '300.00', '1997-08-01', 2, '30 dagen', '\r'),
(970254, 100036, 29, '1997-07-25', '2108.00', '1997-08-08', 2, 'vooraf', '\r'),
(970255, 100023, 24, '1997-07-25', '126.00', '1997-09-01', 2, 'vooraf', '\r'),
(970256, 100022, 20, '1997-07-26', '1071.15', '1997-08-01', 4, 'vooraf', '\r'),
(970257, 100002, 29, '1997-07-27', '303.10', '1997-09-04', 2, '30 dagen', '\r'),
(970258, 100004, 28, '1997-07-28', '38391.00', '1997-08-20', 3, '30 dagen', '\r'),
(970259, 100003, 23, '1997-07-28', '11375.00', '1997-08-23', 4, '30 dagen', '\r'),
(970261, 100027, 22, '1997-07-29', '2598.00', '1997-08-19', 3, '30 dagen', '\r'),
(970262, 100037, 29, '1997-07-29', '434.75', '1997-08-15', 3, '30 dagen', '\r'),
(970263, 100036, 29, '1997-07-30', '521.25', '1997-09-09', 2, 'vooraf', '\r'),
(970264, 100033, 29, '1997-07-30', '2745.00', '1997-08-18', 2, 'rembours', '\r'),
(970265, 100005, 23, '1997-07-30', '315.00', '1997-09-03', 4, 'op rekening', '\r'),
(970266, 100013, 23, '1997-08-01', '3833.00', '1997-08-29', 2, '30 dagen', '\r'),
(970267, 100003, 29, '1997-08-01', '639.68', '1997-08-07', 4, 'vooraf', '\r'),
(970268, 100014, 23, '1997-08-01', '16557.50', '1997-08-17', 3, '30 dagen', '\r'),
(970269, 100032, 23, '1997-08-02', '1345.00', '1997-08-31', 2, 'vooraf', '\r'),
(970270, 100020, 23, '1997-08-02', '119.94', '1997-08-30', 2, '30 dagen', '\r'),
(970271, 100037, 28, '1997-08-04', '16318.30', '1997-09-02', 3, '30 dagen', '\r'),
(970272, 100019, 29, '1997-08-04', '200.00', '1997-08-20', 2, '30 dagen', '\r'),
(970273, 100008, 23, '1997-08-05', '29085.00', '1997-09-08', 3, '30 dagen', '\r'),
(970274, 100028, 24, '1997-08-05', '896.00', '1997-08-17', 1, '30 dagen', '\r'),
(970275, 100016, 28, '1997-08-06', '2040.00', '1997-08-17', 3, '30 dagen', '\r'),
(970276, 100011, 23, '1997-08-06', '627.30', '1997-09-02', 3, 'vooraf', '\r'),
(970277, 100029, 22, '1997-08-07', '2268.00', '1997-08-12', 2, 'rembours', '\r'),
(970278, 100001, 22, '1997-08-07', '1200.00', '1997-09-03', 2, 'rembours', '\r'),
(970279, 100016, 24, '1997-08-08', '6460.00', '1997-08-22', 1, 'vooraf', '\r'),
(970280, 100011, 28, '1997-08-09', '6760.00', '1997-09-19', 1, '30 dagen', '\r'),
(970281, 100016, 23, '1997-08-09', '3677.70', '1997-09-02', 3, '30 dagen', '\r'),
(970282, 100036, 29, '1997-08-10', '664.00', '1997-09-13', 4, 'vooraf', '\r'),
(970283, 100010, 26, '1997-08-10', '1488.00', '1997-09-15', 1, '30 dagen', '\r'),
(970284, 100018, 23, '1997-08-11', '3606.40', '1997-08-27', 2, 'rembours', '\r'),
(970285, 100020, 28, '1997-08-13', '1260.00', '1997-08-26', 2, 'rembours', '\r'),
(970286, 100037, 28, '1997-08-15', '535.00', '1997-09-20', 1, 'op rekening', '\r'),
(970287, 100010, 22, '1997-08-15', '2258.87', '1997-09-25', 3, 'op rekening', '\r'),
(970288, 100017, 20, '1997-08-15', '820.25', '1997-09-15', 1, 'vooraf', '\r'),
(970289, 100002, 29, '1997-08-15', '565.50', '1997-09-09', 4, 'vooraf', '\r'),
(970290, 100032, 24, '1997-08-15', '9060.00', '1997-09-16', 4, 'vooraf', '\r'),
(970291, 100004, 29, '1997-08-16', '10506.00', '1997-09-07', 3, 'op rekening', '\r'),
(970292, 100017, 22, '1997-08-16', '539.94', '1997-09-15', 1, 'vooraf', '\r'),
(970293, 100036, 22, '1997-08-17', '20554.00', '1997-09-04', 2, 'vooraf', '\r'),
(970294, 100011, 26, '1997-08-20', '729.00', '1997-08-30', 3, 'vooraf', '\r'),
(970295, 100033, 26, '1997-08-21', '300.00', '1997-09-19', 2, 'rembours', '\r'),
(970296, 100033, 26, '1997-08-21', '869.40', '1997-09-23', 2, 'rembours', '\r'),
(970297, 100021, 26, '1997-08-21', '8.33', '1997-09-09', 3, 'op rekening', '\r'),
(970298, 100004, 23, '1997-08-21', '21700.00', '1997-09-27', 1, 'op rekening', '\r'),
(970299, 100002, 23, '1997-08-22', '36176.00', '1997-09-29', 3, 'vooraf', '\r'),
(970300, 100028, 20, '1997-08-28', '10803.00', '1997-10-05', 1, 'rembours', '\r'),
(970301, 100009, 20, '1997-08-28', '113.75', '1997-09-18', 2, 'op rekening', '\r'),
(970302, 100011, 23, '1997-08-28', '19750.00', '1997-10-08', 3, 'vooraf', '\r'),
(970303, 100007, 23, '1997-08-29', '2479.40', '1997-09-28', 2, 'op rekening', '\r'),
(970304, 100004, 23, '1997-08-30', '4840.00', '1997-09-14', 2, 'op rekening', '\r'),
(970305, 100023, 20, '1997-08-31', '1784.00', '1997-09-19', 2, 'vooraf', '\r'),
(970306, 100037, 22, '1997-09-01', '4712.50', '1997-09-18', 4, 'op rekening', '\r'),
(970307, 100039, 28, '1997-09-04', '4326.00', '1997-10-09', 2, 'rembours', '\r'),
(970308, 100021, 24, '1997-09-04', '333.20', '1997-10-13', 2, 'op rekening', '\r'),
(970309, 100010, 28, '1997-09-04', '364.00', '1997-10-10', 1, 'op rekening', '\r'),
(970310, 100028, 20, '1997-09-05', '155.00', '1997-10-09', 3, 'rembours', '\r'),
(970311, 100021, 22, '1997-09-06', '233.70', '1997-09-15', 4, '30 dagen', '\r'),
(970312, 100010, 29, '1997-09-08', '24525.00', '1997-10-08', 2, '30 dagen', '\r'),
(970313, 100009, 23, '1997-09-09', '754.00', '1997-09-24', 2, '30 dagen', '\r'),
(970314, 100009, 23, '1997-09-09', '28119.00', '1997-09-20', 2, '30 dagen', '\r'),
(970315, 100016, 24, '1997-09-12', '630.00', '1997-10-14', 1, '30 dagen', '\r'),
(970316, 100001, 29, '1997-09-14', '900.00', '1997-09-27', 2, '30 dagen', '\r'),
(970317, 100028, 23, '1997-09-14', '10775.86', '1997-10-15', 3, '30 dagen', '\r'),
(970318, 100014, 26, '1997-09-16', '2800.00', '1997-10-11', 3, '30 dagen', '\r'),
(970319, 100014, 29, '1997-09-18', '900.00', '1997-09-27', 1, '30 dagen', '\r'),
(970320, 100036, 24, '1997-09-21', '425.00', '1997-10-17', 4, '30 dagen', '\r'),
(970321, 100036, 26, '1997-09-23', '3807.00', '1997-10-25', 2, '30 dagen', '\r'),
(970322, 100027, 29, '1997-09-25', '11099.40', '1997-10-08', 2, '30 dagen', '\r'),
(970323, 100032, 23, '1997-09-25', '10803.00', '1997-10-15', 4, 'vooraf', '\r'),
(970324, 100029, 26, '1997-09-27', '1516.40', '1997-10-05', 3, 'rembours', '\r'),
(970325, 100038, 26, '1997-09-28', '9044.00', '1997-11-02', 2, 'rembours', '\r'),
(970326, 100039, 20, '1997-09-29', '7578.00', '1997-10-31', 4, 'rembours', '\r'),
(970327, 100030, 28, '1997-09-29', '2789.69', '1997-10-29', 3, 'rembours', '\r'),
(970328, 100025, 26, '1997-10-01', '28428.00', '1997-11-02', 2, 'vooraf', '\r'),
(970329, 100007, 23, '1997-10-03', '9133.80', '1997-10-11', 2, '30 dagen', '\r'),
(970330, 100015, 20, '1997-10-04', '12100.00', '1997-11-11', 2, '30 dagen', '\r'),
(970331, 100040, 23, '1997-10-05', '9799.00', '1997-11-03', 3, 'rembours', '\r'),
(970332, 100005, 28, '1997-10-05', '6692.00', '1997-10-31', 1, '30 dagen', '\r'),
(970333, 100022, 23, '1997-10-06', '1400.00', '1997-10-17', 2, 'vooraf', '\r'),
(970334, 100022, 28, '1997-10-06', '12051.00', '1997-11-07', 2, 'vooraf', '\r'),
(970335, 100014, 23, '1997-10-07', '630.00', '1997-10-19', 2, 'rembours', '\r'),
(970336, 100019, 23, '1997-10-07', '10670.00', '1997-11-05', 4, 'rembours', '\r'),
(970337, 100012, 20, '1997-10-07', '11431.20', '1997-11-12', 2, 'rembours', '\r'),
(970338, 100010, 23, '1997-10-08', '1200.00', '1997-10-31', 1, '30 dagen', '\r'),
(970339, 100001, 28, '1997-10-09', '688.80', '1997-11-10', 3, 'rembours', '\r'),
(970340, 100002, 23, '1997-10-09', '166.50', '1997-10-30', 2, 'vooraf', '\r'),
(970341, 100003, 26, '1997-10-11', '23078.75', '1997-11-10', 2, 'vooraf', '\r'),
(970342, 100011, 26, '1997-10-12', '463.20', '1997-11-17', 3, 'vooraf', '\r'),
(970343, 100003, 20, '1997-10-13', '10880.00', '1997-11-09', 3, 'vooraf', '\r'),
(970344, 100023, 20, '1997-10-14', '1686.40', '1997-11-20', 1, 'vooraf', '\r'),
(970345, 100040, 28, '1997-10-14', '4129.55', '1997-10-28', 2, 'rembours', '\r'),
(970346, 100005, 28, '1997-10-14', '21411.00', '1997-11-12', 1, '30 dagen', '\r'),
(970347, 100011, 23, '1997-10-15', '320.00', '1997-11-08', 4, 'vooraf', '\r'),
(970348, 100040, 24, '1997-10-15', '376.35', '1997-11-22', 2, 'rembours', '\r'),
(970349, 100011, 28, '1997-10-16', '10890.00', '1997-10-25', 2, 'vooraf', '\r'),
(970350, 100025, 26, '1997-10-16', '900.00', '1997-11-15', 3, 'vooraf', '\r'),
(970351, 100012, 29, '1997-10-19', '2480.00', '1997-11-06', 2, 'rembours', '\r'),
(970352, 100029, 22, '1997-10-20', '28737.00', '1997-11-30', 2, 'rembours', '\r'),
(970353, 100028, 22, '1997-10-21', '6405.00', '1997-10-30', 2, 'rembours', '\r'),
(970354, 100030, 29, '1997-10-24', '139.20', '1997-11-09', 2, 'rembours', '\r'),
(970355, 100035, 26, '1997-10-25', '3332.00', '1997-11-19', 1, 'op rekening', '\r'),
(970356, 100026, 20, '1997-10-26', '21960.00', '1997-11-20', 2, 'vooraf', '\r'),
(970357, 100026, 20, '1997-10-26', '68.80', '1997-12-03', 4, 'vooraf', '\r'),
(970358, 100010, 29, '1997-10-26', '900.00', '1997-11-08', 2, 'op rekening', '\r'),
(970359, 100021, 28, '1997-10-27', '260.00', '1997-12-07', 2, 'op rekening', '\r'),
(970360, 100001, 22, '1997-10-28', '14823.00', '1997-11-11', 3, 'rembours', '\r'),
(970361, 100026, 28, '1997-10-28', '10449.00', '1997-11-23', 3, 'vooraf', '\r'),
(970362, 100014, 23, '1997-10-28', '7848.00', '1997-11-18', 2, 'rembours', '\r'),
(970363, 100009, 28, '1997-10-29', '2600.00', '1997-11-07', 2, 'op rekening', '\r'),
(970364, 100035, 28, '1997-10-31', '5425.00', '1997-12-01', 2, 'op rekening', '\r'),
(970365, 100018, 20, '1997-10-31', '834.00', '1997-12-03', 2, 'rembours', '\r'),
(970366, 100011, 29, '1997-11-01', '644.80', '1997-12-11', 3, 'vooraf', '\r'),
(970367, 100014, 23, '1997-11-01', '521.25', '1997-12-09', 1, 'rembours', '\r'),
(970368, 100021, 24, '1997-11-01', '500.50', '1997-12-08', 1, 'op rekening', '\r'),
(970369, 100020, 29, '1997-11-02', '3270.00', '1997-12-11', 3, 'rembours', '\r'),
(970370, 100027, 26, '1997-11-02', '539.40', '1997-11-23', 1, 'op rekening', '\r'),
(970371, 100017, 29, '1997-11-03', '7885.88', '1997-12-01', 4, 'vooraf', '\r'),
(970372, 100025, 29, '1997-11-03', '8991.00', '1997-11-10', 2, 'vooraf', '\r'),
(970373, 100002, 26, '1997-11-03', '989.75', '1997-12-09', 2, 'vooraf', '\r'),
(970374, 100003, 28, '1997-11-05', '3770.00', '1997-12-05', 3, 'vooraf', '\r'),
(970375, 100004, 29, '1997-11-05', '9048.00', '1997-11-23', 4, 'op rekening', '\r'),
(970376, 100032, 28, '1997-11-05', '3992.80', '1997-12-14', 3, 'vooraf', '\r'),
(970377, 100009, 28, '1997-11-05', '5100.00', '1997-11-20', 1, 'op rekening', '\r'),
(970378, 100025, 22, '1997-11-07', '959.52', '1997-12-12', 2, 'vooraf', '\r'),
(970379, 100001, 28, '1997-11-08', '5655.00', '1997-11-24', 4, 'rembours', '\r'),
(970380, 100035, 22, '1997-11-10', '14418.90', '1997-11-22', 3, 'op rekening', '\r'),
(970381, 100008, 26, '1997-11-10', '2896.50', '1997-12-06', 1, 'op rekening', '\r'),
(970382, 100028, 23, '1997-11-11', '19890.00', '1997-11-27', 4, 'rembours', '\r'),
(970383, 100034, 23, '1997-11-12', '315.00', '1997-12-09', 3, 'rembours', '\r'),
(970384, 100018, 29, '1997-11-12', '14523.00', '1997-11-28', 2, 'rembours', '\r'),
(970385, 100024, 26, '1997-11-13', '31827.00', '1997-12-20', 2, 'vooraf', '\r'),
(970386, 100034, 24, '1997-11-14', '1338.00', '1997-12-25', 1, 'rembours', '\r'),
(970387, 100024, 26, '1997-11-15', '139.20', '1997-12-23', 4, 'vooraf', '\r'),
(970388, 100009, 22, '1997-11-16', '1299.00', '1997-12-06', 1, 'op rekening', '\r'),
(970389, 100026, 29, '1997-11-18', '1512.90', '1997-12-16', 3, 'vooraf', '\r'),
(970390, 100013, 23, '1997-11-18', '906.00', '1997-12-27', 3, 'rembours', '\r'),
(970391, 100004, 23, '1997-11-20', '24.60', '1997-12-02', 4, 'op rekening', '\r'),
(970392, 100021, 28, '1997-11-20', '1799.80', '1997-12-14', 3, 'op rekening', '\r'),
(970393, 100033, 29, '1997-11-20', '250.90', '1997-12-28', 3, 'rembours', '\r'),
(970394, 100019, 28, '1997-11-21', '11025.00', '1997-12-14', 3, 'rembours', '\r'),
(970395, 100010, 24, '1997-11-21', '5655.00', '1997-12-24', 2, 'op rekening', '\r'),
(970396, 100036, 28, '1997-11-22', '24720.00', '1997-12-09', 2, 'vooraf', '\r'),
(970397, 100038, 26, '1997-11-23', '591.43', '1997-12-19', 3, 'rembours', '\r'),
(970398, 100017, 24, '1997-11-23', '98.40', '1998-01-03', 3, 'vooraf', '\r'),
(970399, 100003, 23, '1997-11-24', '2869.00', '1997-12-29', 3, 'vooraf', '\r'),
(970400, 100033, 26, '1997-11-27', '5915.00', '1997-12-14', 2, 'rembours', '\r'),
(970401, 100035, 26, '1997-11-28', '2249.75', '1997-12-08', 4, 'op rekening', '\r'),
(970402, 100026, 28, '1997-11-28', '98.40', '1998-01-05', 2, 'vooraf', '\r'),
(970403, 100023, 20, '1997-11-28', '45153.20', '1997-12-20', 2, 'vooraf', '\r'),
(970404, 100012, 29, '1997-11-29', '615.00', '1997-12-10', 4, 'rembours', '\r'),
(970405, 100012, 24, '1997-11-30', '68.80', '1998-01-09', 3, 'rembours', '\r'),
(970406, 100038, 24, '1997-12-01', '289.50', '1998-01-05', 3, 'rembours', '\r'),
(970408, 100038, 26, '1997-12-02', '3770.00', '1997-12-18', 3, 'rembours', '\r'),
(970409, 100020, 24, '1997-12-02', '1400.00', '1998-01-08', 3, 'rembours', '\r'),
(970410, 100024, 22, '1997-12-02', '34238.00', '1998-01-04', 1, 'vooraf', '\r'),
(970411, 100016, 20, '1997-12-02', '7150.00', '1997-12-29', 3, 'vooraf', '\r'),
(970412, 100039, 29, '1997-12-03', '360.00', '1998-01-01', 4, 'rembours', '\r'),
(970413, 100037, 29, '1997-12-05', '1688.70', '1998-01-04', 4, 'op rekening', '\r'),
(970414, 100031, 23, '1997-12-05', '18850.00', '1998-01-15', 1, 'op rekening', '\r'),
(970415, 100013, 22, '1997-12-05', '225.00', '1997-12-25', 4, 'rembours', '\r'),
(970417, 100018, 23, '1997-12-05', '13704.00', '1997-12-13', 1, 'rembours', '\r'),
(970418, 100008, 23, '1997-12-06', '7701.00', '1998-01-08', 1, 'op rekening', '\r'),
(970419, 100034, 26, '1997-12-06', '400.00', '1997-12-11', 2, 'rembours', '\r'),
(970420, 100039, 29, '1997-12-07', '22620.00', '1997-12-18', 2, 'rembours', '\r'),
(970421, 100010, 24, '1997-12-07', '1870.00', '1997-12-25', 3, 'op rekening', '\r'),
(970422, 100018, 20, '1997-12-07', '672.00', '1997-12-17', 1, 'rembours', 'spoed kerst\r'),
(970423, 100015, 28, '1997-12-08', '1330.00', '1998-01-18', 4, 'op rekening', '\r'),
(970424, 100033, 23, '1997-12-08', '409.50', '1997-12-18', 3, 'rembours', '\r'),
(970425, 100036, 23, '1997-12-08', '541.45', '1998-01-06', 2, 'vooraf', '\r'),
(970426, 100031, 22, '1997-12-10', '942.50', '1998-01-10', 3, '30 dagen', '\r'),
(970427, 100035, 23, '1997-12-10', '582.90', '1997-12-27', 1, '30 dagen', '\r'),
(970428, 100005, 20, '1997-12-10', '1440.00', '1997-12-25', 2, '30 dagen', '\r'),
(970429, 100003, 20, '1997-12-11', '2938.15', '1997-12-23', 3, 'vooraf', 'spoed kerst\r'),
(970430, 100026, 20, '1997-12-12', '2788.00', '1998-01-01', 3, 'vooraf', '\r'),
(970431, 100039, 29, '1997-12-12', '10381.20', '1998-01-20', 3, 'rembours', '\r'),
(970432, 100003, 26, '1997-12-12', '1440.00', '1998-01-12', 2, 'vooraf', '\r'),
(970433, 100015, 20, '1997-12-13', '2682.75', '1998-01-06', 2, '30 dagen', '\r'),
(970434, 100033, 29, '1997-12-13', '455.00', '1997-12-28', 1, '30 dagen', '\r'),
(970435, 100037, 22, '1997-12-14', '5850.00', '1998-01-16', 3, 'op rekening', '\r'),
(970436, 100006, 26, '1997-12-14', '85.00', '1998-01-02', 3, 'vooraf', '\r'),
(970437, 100035, 26, '1997-12-15', '4250.00', '1998-01-16', 1, 'op rekening', '\r'),
(970438, 100025, 26, '1997-12-16', '10.00', '1998-01-24', 3, 'vooraf', '\r'),
(970439, 100015, 29, '1997-12-16', '9150.45', '1998-01-14', 3, 'op rekening', '\r'),
(970440, 100033, 26, '1997-12-17', '500.00', '1997-12-23', 3, 'rembours', 'spoed kerst\r'),
(970441, 100024, 26, '1997-12-17', '2220.40', '1997-12-25', 1, 'vooraf', '\r'),
(970442, 100012, 20, '1997-12-17', '36.40', '1998-01-06', 2, 'rembours', '\r'),
(970443, 100037, 26, '1997-12-17', '6120.00', '1997-12-30', 3, 'op rekening', '\r'),
(970444, 100004, 23, '1997-12-18', '1066.40', '1998-01-02', 1, 'op rekening', '\r'),
(970445, 100007, 23, '1997-12-18', '86.00', '1997-12-31', 1, 'op rekening', '\r'),
(970446, 100016, 28, '1997-12-18', '695.00', '1998-01-26', 2, 'vooraf', '\r'),
(970447, 100019, 29, '1997-12-18', '49050.00', '1998-01-08', 2, 'rembours', '\r'),
(970448, 100038, 26, '1997-12-19', '516.60', '1997-12-29', 4, 'rembours', '\r'),
(970449, 100031, 20, '1997-12-20', '182.00', '1998-01-03', 4, 'op rekening', '\r'),
(970450, 100028, 28, '1997-12-20', '1893.34', '1998-01-20', 4, 'rembours', '\r'),
(970451, 100030, 29, '1997-12-21', '290.00', '1997-12-29', 3, 'rembours', '\r'),
(970452, 100028, 20, '1997-12-21', '695.00', '1997-12-29', 2, 'rembours', '\r'),
(970453, 100017, 24, '1997-12-21', '7700.00', '1998-01-31', 3, 'vooraf', '\r'),
(970454, 100028, 22, '1997-12-21', '14823.00', '1998-01-30', 1, 'rembours', '\r'),
(970455, 100027, 23, '1997-12-21', '1216.00', '1997-12-29', 1, 'op rekening', '\r'),
(970456, 100017, 22, '1997-12-23', '3741.40', '1998-01-11', 4, 'vooraf', '\r'),
(980001, 100011, 26, '1998-01-03', '54760.00', '1998-02-04', 3, 'vooraf', '\r'),
(980002, 100030, 23, '1998-01-03', '3447.20', '1998-01-09', 2, 'rembours', '\r'),
(980003, 100019, 29, '1998-01-03', '30017.70', '1998-01-21', 2, 'rembours', '\r'),
(980004, 100034, 29, '1998-01-03', '9587.50', '1998-02-05', 2, 'rembours', '\r'),
(980005, 100004, 26, '1998-01-05', '22502.00', '1998-02-01', 3, 'op rekening', '\r'),
(980006, 100037, 26, '1998-01-05', '16320.00', '1998-02-09', 3, 'op rekening', '\r'),
(980007, 100006, 20, '1998-01-06', '45224.00', '1998-02-03', 1, 'vooraf', '\r'),
(980008, 100004, 24, '1998-01-06', '1679.88', '1998-02-12', 2, 'op rekening', '\r'),
(980009, 100037, 29, '1998-01-10', '48148.55', '1998-01-24', 3, 'op rekening', '\r'),
(980010, 100022, 23, '1998-01-11', '1224.00', '1998-01-24', 2, 'vooraf', '\r'),
(980011, 100002, 26, '1998-01-11', '337.75', '1998-01-29', 4, 'vooraf', '\r'),
(980012, 100014, 28, '1998-01-11', '16175.00', '1998-02-17', 3, 'rembours', '\r'),
(980013, 100029, 26, '1998-01-11', '4900.00', '1998-01-20', 2, 'rembours', '\r'),
(980014, 100009, 26, '1998-01-12', '5568.00', '1998-02-12', 3, 'op rekening', '\r'),
(980015, 100004, 22, '1998-01-12', '48055.00', '1998-01-23', 1, 'op rekening', '\r'),
(980016, 100011, 29, '1998-01-12', '3557.50', '1998-02-01', 2, 'vooraf', '\r'),
(980017, 100018, 24, '1998-01-13', '42240.30', '1998-02-18', 3, 'rembours', '\r'),
(980018, 100038, 26, '1998-01-13', '1107.00', '1998-02-23', 1, 'rembours', '\r'),
(980019, 100025, 23, '1998-01-13', '1163.10', '1998-02-04', 4, 'vooraf', '\r'),
(980020, 100021, 23, '1998-01-14', '7479.00', '1998-01-19', 3, '30 dagen', '\r'),
(980021, 100012, 23, '1998-01-21', '259.87', '1998-03-01', 2, 'rembours', '\r'),
(980022, 100023, 28, '1998-01-21', '8524.50', '1998-03-01', 3, 'vooraf', '\r'),
(980023, 100008, 26, '1998-01-21', '124755.00', '1998-02-20', 2, '30 dagen', '\r'),
(980024, 100039, 23, '1998-01-22', '1041.25', '1998-02-09', 2, 'rembours', '\r'),
(980025, 100036, 22, '1998-01-25', '81.70', '1998-01-31', 1, 'vooraf', '\r'),
(980026, 100009, 29, '1998-01-26', '12428.00', '1998-02-07', 2, '30 dagen', '\r'),
(980027, 100013, 29, '1998-01-27', '38965.40', '1998-03-03', 3, 'rembours', '\r'),
(980028, 100034, 22, '1998-01-27', '3367.00', '1998-03-08', 2, 'rembours', '\r'),
(980029, 100011, 26, '1998-01-27', '19801.00', '1998-02-11', 2, 'vooraf', '\r'),
(980030, 100020, 26, '1998-01-31', '1079.88', '1998-02-28', 3, 'rembours', '\r'),
(980031, 100031, 29, '1998-01-31', '16395.90', '1998-02-21', 3, '30 dagen', '\r'),
(980032, 100015, 29, '1998-02-01', '29260.00', '1998-02-17', 3, '30 dagen', '\r'),
(980033, 100025, 28, '1998-02-02', '1566.10', '1998-03-11', 1, 'vooraf', '\r'),
(980034, 100022, 23, '1998-02-04', '15297.50', '1998-03-08', 3, 'vooraf', '\r'),
(980035, 100030, 24, '1998-02-04', '720.00', '1998-03-16', 2, 'rembours', '\r'),
(980036, 100024, 20, '1998-02-05', '191.59', '1998-03-14', 3, 'vooraf', '\r'),
(980037, 100012, 28, '1998-02-05', '1167.65', '1998-02-17', 2, 'rembours', '\r'),
(980038, 100026, 20, '1998-02-06', '1299.00', '1998-03-17', 2, 'vooraf', '\r'),
(980039, 100019, 26, '1998-02-06', '22160.00', '1998-03-15', 4, 'rembours', '\r'),
(980040, 100019, 28, '1998-02-10', '18850.00', '1998-03-16', 2, 'rembours', '\r'),
(980041, 100040, 20, '1998-02-10', '1200.00', '1998-03-01', 3, 'rembours', '\r'),
(980042, 100024, 26, '1998-02-11', '20412.00', '1998-03-14', 1, 'vooraf', '\r'),
(980043, 100020, 28, '1998-02-11', '2240.00', '1998-03-16', 1, 'rembours', '\r'),
(980044, 100038, 23, '1998-02-11', '18559.00', '1998-03-22', 2, 'rembours', '\r'),
(980045, 100027, 24, '1998-02-12', '12990.00', '1998-03-06', 2, 'op rekening', '\r'),
(980046, 100024, 28, '1998-02-12', '16578.60', '1998-02-28', 3, 'vooraf', '\r'),
(980047, 100001, 28, '1998-02-12', '4838.00', '1998-02-20', 2, 'rembours', '\r'),
(980048, 100009, 26, '1998-02-12', '1750.00', '1998-03-05', 2, 'op rekening', '\r'),
(980049, 100002, 29, '1998-02-13', '3328.00', '1998-03-08', 4, 'vooraf', '\r'),
(980050, 100034, 26, '1998-02-13', '6453.00', '1998-03-18', 3, 'rembours', '\r'),
(980051, 100004, 24, '1998-02-13', '24794.50', '1998-03-15', 2, 'op rekening', '\r'),
(980052, 100003, 20, '1998-02-14', '9695.00', '1998-03-20', 4, 'vooraf', '\r'),
(980054, 100020, 23, '1998-02-15', '4816.00', '1998-02-27', 2, 'rembours', '\r'),
(980055, 100012, 20, '1998-02-15', '39500.00', '1998-03-24', 3, 'rembours', '\r'),
(980057, 100025, 24, '1998-02-17', '327.00', '1998-03-22', 1, 'vooraf', '\r'),
(980058, 100017, 28, '1998-02-20', '556.00', '1998-02-27', 1, 'vooraf', '\r'),
(980059, 100001, 26, '1998-02-21', '20700.00', '1998-03-02', 1, 'rembours', '\r'),
(980060, 100016, 22, '1998-02-22', '4200.10', '1998-02-28', 3, 'vooraf', '\r'),
(980061, 100020, 26, '1998-02-25', '36918.70', '1998-03-13', 3, 'rembours', '\r'),
(980062, 100003, 26, '1998-02-26', '15552.00', '1998-03-29', 1, 'vooraf', '\r'),
(980063, 100003, 23, '1998-02-26', '400.00', '1998-03-13', 3, 'vooraf', '\r'),
(980064, 100018, 22, '1998-02-28', '532.00', '1998-03-31', 4, 'rembours', '\r'),
(980065, 100026, 28, '1998-03-01', '12443.00', '1998-03-23', 1, 'vooraf', '\r'),
(980066, 100026, 23, '1998-03-02', '179.98', '1998-03-25', 3, 'vooraf', '\r'),
(980067, 100037, 26, '1998-03-03', '23121.80', '1998-03-24', 3, 'op rekening', '\r'),
(980068, 100021, 29, '1998-03-04', '24378.00', '1998-03-31', 2, 'op rekening', '\r'),
(980069, 100034, 28, '1998-03-05', '36240.00', '1998-03-18', 4, 'rembours', '\r'),
(980070, 100030, 23, '1998-03-07', '2000.00', '1998-03-26', 1, 'rembours', '\r'),
(980071, 100028, 23, '1998-03-07', '27362.10', '1998-03-24', 2, 'rembours', '\r'),
(980072, 100007, 20, '1998-03-08', '1529.83', '1998-03-22', 3, 'op rekening', '\r'),
(980073, 100016, 24, '1998-03-08', '4830.00', '1998-03-26', 3, 'vooraf', '\r'),
(980074, 100034, 22, '1998-03-11', '11150.00', '1998-03-25', 3, 'rembours', '\r'),
(980075, 100024, 29, '1998-03-12', '212.75', '1998-04-08', 2, 'vooraf', '\r'),
(980076, 100008, 22, '1998-03-12', '30160.00', '1998-04-02', 2, 'op rekening', '\r'),
(980077, 100026, 23, '1998-03-12', '1045.50', '1998-04-19', 4, 'vooraf', '\r'),
(980078, 100031, 24, '1998-03-13', '36005.20', '1998-03-30', 3, 'op rekening', '\r'),
(980079, 100028, 20, '1998-03-14', '3924.00', '1998-03-30', 3, 'rembours', '\r'),
(980080, 100003, 23, '1998-03-15', '8239.51', '1998-03-28', 4, 'vooraf', '\r'),
(980081, 100020, 22, '1998-03-15', '180.00', '1998-04-21', 4, 'rembours', '\r'),
(980082, 100032, 29, '1998-03-16', '53740.00', '1998-03-21', 3, 'vooraf', '\r'),
(980083, 100008, 23, '1998-03-16', '231.60', '1998-04-12', 3, 'op rekening', '\r'),
(980084, 100014, 26, '1998-03-17', '1619.82', '1998-04-27', 3, 'rembours', '\r'),
(980085, 100023, 20, '1998-03-18', '100.00', '1998-04-24', 3, 'vooraf', '\r'),
(980086, 100035, 20, '1998-03-19', '14499.90', '1998-04-23', 2, 'op rekening', '\r'),
(980087, 100035, 22, '1998-03-19', '1635.00', '1998-04-16', 1, 'op rekening', '\r'),
(980088, 100024, 22, '1998-03-19', '18411.00', '1998-04-07', 1, 'vooraf', '\r'),
(980089, 100008, 20, '1998-03-21', '560.00', '1998-04-29', 4, 'op rekening', '\r'),
(980090, 100025, 20, '1998-03-21', '8701.30', '1998-04-10', 2, 'vooraf', '\r'),
(980091, 100019, 20, '1998-03-22', '975.00', '1998-04-28', 2, 'rembours', '\r'),
(980092, 100040, 28, '1998-03-22', '8991.00', '1998-04-20', 3, 'rembours', '\r'),
(980093, 100010, 23, '1998-03-23', '2907.00', '1998-04-30', 2, 'op rekening', '\r'),
(980094, 100023, 28, '1998-03-24', '11325.00', '1998-04-04', 2, 'vooraf', '\r'),
(980095, 100002, 22, '1998-03-24', '694.40', '1998-04-07', 1, 'vooraf', '\r'),
(980096, 100012, 23, '1998-03-26', '9810.80', '1998-04-05', 2, 'rembours', '\r'),
(980097, 100029, 23, '1998-03-26', '95.00', '1998-04-27', 2, 'rembours', '\r'),
(980098, 100013, 24, '1998-03-27', '9484.50', '1998-04-10', 3, 'rembours', '\r'),
(980099, 100006, 22, '1998-03-28', '190.00', '1998-04-06', 3, 'vooraf', '\r'),
(980100, 100016, 20, '1998-03-28', '661.20', '1998-04-06', 2, 'vooraf', '\r'),
(980101, 100021, 23, '1998-03-30', '12240.00', '1998-04-07', 3, 'op rekening', '\r'),
(980102, 100028, 20, '1998-03-31', '1200.00', '1998-05-05', 2, 'rembours', '\r'),
(980103, 100009, 28, '1998-04-01', '1092.00', '1998-04-25', 2, 'op rekening', '\r'),
(980104, 100021, 29, '1998-04-02', '7257.30', '1998-05-13', 1, 'op rekening', '\r'),
(980105, 100019, 29, '1998-04-03', '673.40', '1998-05-03', 3, 'rembours', '\r'),
(980106, 100033, 24, '1998-04-04', '1849.90', '1998-05-02', 2, 'rembours', '\r'),
(980107, 100030, 20, '1998-04-04', '29646.00', '1998-05-13', 1, 'rembours', '\r'),
(980108, 100030, 20, '1998-04-05', '3767.40', '1998-05-12', 4, 'rembours', '\r'),
(980109, 100011, 29, '1998-04-06', '9810.00', '1998-05-15', 2, 'vooraf', '\r'),
(980110, 100014, 24, '1998-04-08', '2997.00', '1998-05-15', 2, 'rembours', '\r'),
(980111, 100029, 29, '1998-04-09', '29430.00', '1998-05-06', 1, 'rembours', '\r'),
(980112, 100006, 26, '1998-04-10', '378.00', '1998-05-02', 3, 'vooraf', '\r'),
(980113, 100027, 29, '1998-04-11', '9350.00', '1998-04-18', 4, 'op rekening', '\r'),
(980114, 100032, 20, '1998-04-11', '897.45', '1998-05-21', 3, 'vooraf', '\r'),
(980115, 100006, 26, '1998-04-11', '6449.50', '1998-04-30', 3, 'vooraf', '\r'),
(980116, 100029, 26, '1998-04-12', '1079.88', '1998-05-19', 3, 'rembours', '\r'),
(980117, 100034, 26, '1998-04-13', '1600.00', '1998-05-23', 4, 'rembours', '\r'),
(980118, 100014, 24, '1998-04-14', '1599.20', '1998-05-05', 2, 'rembours', '\r'),
(980119, 100005, 23, '1998-04-15', '2129.40', '1998-05-14', 2, 'op rekening', '\r'),
(980120, 100038, 26, '1998-04-17', '336.00', '1998-05-03', 1, 'rembours', '\r'),
(980121, 100022, 20, '1998-04-17', '1195.00', '1998-05-10', 2, 'vooraf', '\r'),
(980122, 100013, 24, '1998-04-18', '309.40', '1998-05-11', 3, 'rembours', '\r'),
(980123, 100020, 23, '1998-04-18', '450.00', '1998-05-23', 1, 'rembours', '\r'),
(980124, 100030, 29, '1998-04-19', '2306.40', '1998-05-23', 2, 'rembours', '\r'),
(980125, 100013, 28, '1998-04-20', '14535.00', '1998-05-23', 2, 'rembours', '\r'),
(980126, 100010, 29, '1998-04-20', '83.25', '1998-04-29', 3, 'op rekening', '\r'),
(980127, 100003, 29, '1998-04-20', '21725.00', '1998-05-03', 1, 'vooraf', '\r'),
(980128, 100039, 26, '1998-04-21', '183.26', '1998-04-28', 3, 'rembours', '\r'),
(980129, 100020, 24, '1998-04-21', '1162.00', '1998-05-07', 3, 'rembours', '\r'),
(980130, 100013, 20, '1998-04-22', '410.00', '1998-04-27', 1, 'rembours', '\r'),
(980131, 100028, 20, '1998-04-23', '757.55', '1998-05-04', 2, 'rembours', '\r'),
(980132, 100014, 22, '1998-04-23', '5813.87', '1998-05-09', 3, 'rembours', '\r'),
(980133, 100013, 26, '1998-04-23', '3402.00', '1998-05-15', 3, 'rembours', '\r'),
(980134, 100005, 23, '1998-04-26', '3964.71', '1998-06-04', 1, 'op rekening', '\r'),
(980135, 100023, 23, '1998-04-27', '1039.48', '1998-05-17', 2, 'vooraf', '\r'),
(980136, 100040, 26, '1998-04-27', '63710.00', '1998-06-07', 2, 'rembours', '\r'),
(980137, 100033, 29, '1998-04-27', '24378.00', '1998-05-19', 3, 'rembours', '\r'),
(980138, 100032, 22, '1998-04-28', '2628.80', '1998-05-31', 4, 'vooraf', '\r'),
(980139, 100034, 23, '1998-04-28', '4599.78', '1998-05-17', 3, 'rembours', '\r'),
(980140, 100032, 22, '1998-04-30', '324.87', '1998-05-30', 2, 'vooraf', '\r'),
(980141, 100004, 26, '1998-04-30', '31654.00', '1998-06-03', 2, 'op rekening', '\r'),
(980142, 100010, 24, '1998-05-01', '39500.00', '1998-06-10', 3, 'op rekening', '\r'),
(980143, 100013, 20, '1998-05-01', '1226.50', '1998-05-30', 2, 'rembours', '\r'),
(980144, 100004, 29, '1998-05-01', '7200.00', '1998-06-10', 3, 'op rekening', '\r'),
(980145, 100002, 26, '1998-05-03', '2500.00', '1998-06-06', 2, 'vooraf', '\r'),
(980146, 100007, 24, '1998-05-04', '14297.80', '1998-05-24', 3, 'op rekening', '\r'),
(980147, 100031, 24, '1998-05-04', '347.20', '1998-05-26', 2, 'op rekening', '\r'),
(980148, 100028, 23, '1998-05-05', '2339.74', '1998-06-10', 3, 'rembours', '\r'),
(980149, 100017, 23, '1998-05-06', '7459.73', '1998-05-21', 4, 'vooraf', '\r'),
(980150, 100036, 22, '1998-05-07', '3410.00', '1998-05-14', 3, 'vooraf', '\r'),
(980151, 100019, 24, '1998-05-09', '60422.80', '1998-05-31', 2, 'rembours', '\r'),
(980152, 100016, 20, '1998-05-09', '3200.00', '1998-06-11', 3, 'vooraf', '\r'),
(980153, 100025, 24, '1998-05-09', '560.00', '1998-05-30', 3, 'vooraf', '\r'),
(980154, 100008, 24, '1998-05-12', '179.98', '1998-06-07', 2, 'op rekening', '\r'),
(980155, 100028, 24, '1998-05-14', '19158.00', '1998-06-23', 4, 'rembours', '\r'),
(980156, 100030, 29, '1998-05-14', '100.00', '1998-05-21', 2, 'rembours', '\r'),
(980157, 100000, 26, '1998-05-14', '36771.00', '1998-05-29', 2, 'op rekening', '\r'),
(980158, 100017, 24, '1998-05-14', '97908.17', '1998-06-12', 2, 'vooraf', '\r'),
(980159, 100036, 26, '1998-05-15', '11301.30', '1998-05-20', 2, 'vooraf', '\r'),
(980161, 100023, 22, '1998-05-15', '15372.00', '1998-06-11', 1, 'vooraf', '\r'),
(980162, 100032, 22, '1998-05-16', '155.00', '1998-06-02', 3, 'vooraf', '\r'),
(980163, 100001, 22, '1998-05-16', '8253.40', '1998-06-15', 2, 'rembours', '\r'),
(980164, 100020, 26, '1998-05-16', '3950.00', '1998-06-18', 2, 'rembours', '\r'),
(980165, 100030, 28, '1998-05-17', '800.00', '1998-05-25', 4, 'rembours', '\r'),
(980166, 100010, 26, '1998-05-18', '25980.00', '1998-06-13', 2, 'op rekening', '\r'),
(980167, 100032, 20, '1998-05-18', '1128.40', '1998-05-30', 1, 'vooraf', '\r'),
(980168, 100009, 24, '1998-05-18', '400.00', '1998-06-08', 2, 'op rekening', '\r'),
(980169, 100036, 23, '1998-05-20', '1259.86', '1998-06-27', 3, 'vooraf', '\r'),
(980170, 100037, 29, '1998-05-21', '10554.00', '1998-05-28', 4, 'op rekening', '\r'),
(980171, 100016, 20, '1998-05-21', '11400.00', '1998-07-01', 4, 'vooraf', '\r'),
(980172, 100016, 22, '1998-05-22', '756.00', '1998-06-13', 2, 'vooraf', '\r'),
(980173, 100001, 20, '1998-05-23', '1592.50', '1998-06-14', 1, 'rembours', '\r'),
(980174, 100025, 28, '1998-05-23', '3483.00', '1998-06-23', 3, 'vooraf', '\r'),
(980175, 100010, 26, '1998-05-23', '6495.00', '1998-06-27', 1, 'op rekening', '\r'),
(980176, 100001, 26, '1998-05-23', '22777.50', '1998-05-31', 4, 'rembours', '\r');
INSERT INTO `orders` (`ordernr`, `klantnr`, `persnr`, `orderdatum`, `orderbedrag`, `leverdatum`, `verzendcode`, `betalingscondities`, `orderopmerking`) VALUES
(980177, 100031, 28, '1998-05-24', '9642.00', '1998-06-27', 2, 'op rekening', '\r'),
(980178, 100034, 20, '1998-05-25', '7099.75', '1998-06-28', 1, 'rembours', '\r'),
(980179, 100022, 23, '1998-05-25', '14029.20', '1998-06-02', 4, 'vooraf', '\r'),
(980180, 100021, 28, '1998-05-26', '30.00', '1998-06-03', 3, 'op rekening', '\r'),
(980181, 100016, 22, '1998-05-27', '12080.70', '1998-06-21', 2, 'vooraf', '\r'),
(980182, 100007, 29, '1998-05-27', '3699.80', '1998-06-21', 3, 'op rekening', '\r'),
(980183, 100019, 26, '1998-05-27', '1925.00', '1998-06-15', 4, 'rembours', '\r'),
(980184, 100032, 22, '1998-05-27', '965.00', '1998-06-16', 3, 'vooraf', '\r'),
(980185, 100021, 20, '1998-05-27', '300.00', '1998-06-17', 3, 'op rekening', '\r'),
(980186, 100007, 23, '1998-05-28', '1674.40', '1998-07-05', 4, 'op rekening', '\r'),
(980187, 100031, 20, '1998-05-28', '27246.00', '1998-06-25', 1, 'op rekening', '\r'),
(980188, 100036, 28, '1998-05-29', '370.00', '1998-07-02', 2, 'vooraf', '\r'),
(980189, 100035, 26, '1998-05-29', '8053.80', '1998-06-25', 2, 'op rekening', '\r'),
(980190, 100028, 24, '1998-05-30', '45780.00', '1998-06-09', 1, 'rembours', '\r'),
(980191, 100020, 26, '1998-05-30', '4550.00', '1998-06-06', 1, 'rembours', '\r'),
(980192, 100035, 29, '1998-05-31', '1320.00', '1998-06-12', 4, 'op rekening', '\r'),
(980193, 100024, 26, '1998-05-31', '498.80', '1998-06-28', 2, 'vooraf', '\r'),
(980194, 100020, 26, '1998-05-31', '1254.60', '1998-06-08', 2, 'rembours', '\r'),
(980195, 100018, 29, '1998-05-31', '3483.00', '1998-06-07', 3, 'rembours', '\r'),
(980196, 100036, 28, '1998-06-01', '11325.00', '1998-06-16', 3, 'vooraf', '\r'),
(980197, 100007, 26, '1998-06-03', '3675.00', '1998-07-14', 3, 'op rekening', '\r'),
(980198, 100015, 22, '1998-06-04', '16308.00', '1998-07-02', 2, 'op rekening', '\r'),
(980199, 100002, 26, '1998-06-04', '18850.00', '1998-06-23', 1, 'vooraf', '\r'),
(980200, 100010, 29, '1998-06-04', '1680.00', '1998-06-23', 3, 'op rekening', '\r'),
(980201, 100029, 29, '1998-06-08', '624.40', '1998-07-09', 3, 'rembours', '\r'),
(980202, 100034, 28, '1998-06-09', '1675.50', '1998-06-26', 1, 'rembours', '\r'),
(980203, 100028, 20, '1998-06-09', '1492.85', '1998-06-14', 1, 'rembours', '\r'),
(980204, 100007, 26, '1998-06-10', '791.30', '1998-06-28', 3, 'op rekening', '\r'),
(980205, 100032, 29, '1998-06-10', '2640.00', '1998-07-09', 3, 'vooraf', '\r'),
(980206, 100015, 29, '1998-06-11', '648.00', '1998-07-11', 2, 'op rekening', '\r'),
(980207, 100000, 23, '1998-06-11', '2530.00', '1998-07-16', 3, 'op rekening', '\r'),
(980208, 100036, 24, '1998-06-13', '3445.40', '1998-06-24', 1, 'vooraf', '\r'),
(980209, 100030, 24, '1998-06-14', '729.30', '1998-07-02', 2, 'rembours', '\r'),
(980210, 100019, 28, '1998-06-14', '173.70', '1998-07-02', 1, 'rembours', '\r'),
(980211, 100022, 20, '1998-06-14', '620.00', '1998-06-22', 2, 'vooraf', '\r'),
(980212, 100039, 28, '1998-06-14', '8784.00', '1998-06-19', 2, 'rembours', '\r'),
(980213, 100012, 29, '1998-06-16', '521.25', '1998-07-08', 2, 'rembours', '\r'),
(980214, 100019, 29, '1998-06-16', '560.00', '1998-07-01', 2, 'rembours', '\r'),
(980215, 100033, 24, '1998-06-18', '30600.00', '1998-07-10', 4, 'rembours', '\r'),
(980216, 100011, 24, '1998-06-19', '7465.50', '1998-06-28', 2, 'vooraf', '\r'),
(980217, 100031, 24, '1998-06-19', '1600.00', '1998-06-24', 2, 'op rekening', '\r'),
(980218, 100015, 22, '1998-06-20', '695.00', '1998-06-25', 2, 'op rekening', '\r'),
(980219, 100018, 23, '1998-06-21', '32700.00', '1998-07-28', 4, 'rembours', '\r'),
(980220, 100031, 23, '1998-06-22', '500.00', '1998-07-24', 4, 'op rekening', '\r'),
(980221, 100019, 23, '1998-06-23', '416.00', '1998-07-27', 4, 'rembours', '\r'),
(980222, 100002, 29, '1998-06-23', '17496.00', '1998-07-02', 2, 'vooraf', '\r'),
(980223, 100039, 26, '1998-06-24', '15198.30', '1998-07-07', 1, 'rembours', '\r'),
(980224, 100014, 23, '1998-06-24', '130.00', '1998-07-05', 2, 'rembours', '\r'),
(980225, 100039, 23, '1998-06-24', '16851.00', '1998-07-29', 2, 'rembours', '\r'),
(980226, 100030, 23, '1998-06-25', '21700.00', '1998-07-12', 3, 'rembours', '\r'),
(980227, 100014, 28, '1998-06-25', '2879.68', '1998-07-11', 3, 'rembours', '\r'),
(980228, 100039, 20, '1998-06-27', '13176.00', '1998-08-01', 2, 'rembours', '\r'),
(980229, 100023, 23, '1998-06-27', '922.50', '1998-07-26', 1, 'vooraf', '\r'),
(980230, 100012, 20, '1998-06-27', '252.30', '1998-07-21', 4, 'rembours', '\r'),
(980231, 100017, 29, '1998-06-28', '3393.00', '1998-07-08', 4, 'vooraf', '\r'),
(980232, 100037, 29, '1998-06-28', '24057.00', '1998-07-13', 2, 'op rekening', '\r'),
(980233, 100011, 29, '1998-06-28', '1158.00', '1998-08-05', 4, 'vooraf', '\r'),
(980234, 100019, 23, '1998-06-29', '4026.90', '1998-07-10', 2, 'rembours', '\r'),
(980235, 100026, 28, '1998-06-30', '30690.65', '1998-08-08', 2, 'vooraf', '\r'),
(980236, 100039, 23, '1998-07-01', '27700.00', '1998-07-20', 4, 'rembours', '\r'),
(980237, 100001, 23, '1998-07-01', '10002.30', '1998-07-07', 3, 'rembours', '\r'),
(980238, 100013, 28, '1998-07-02', '147.60', '1998-07-14', 3, 'rembours', '\r'),
(980239, 100005, 28, '1998-07-05', '1404.00', '1998-07-25', 3, 'op rekening', '\r'),
(980240, 100005, 29, '1998-07-07', '65.00', '1998-08-04', 2, 'op rekening', '\r'),
(980241, 100008, 26, '1998-07-08', '1932.00', '1998-07-25', 4, 'op rekening', '\r'),
(980242, 100016, 23, '1998-07-12', '12.30', '1998-07-18', 3, 'vooraf', '\r'),
(980243, 100038, 29, '1998-07-12', '6490.00', '1998-08-21', 2, 'rembours', '\r'),
(980244, 100019, 29, '1998-07-13', '717.00', '1998-08-23', 2, 'rembours', '\r'),
(980245, 100020, 26, '1998-07-13', '154.40', '1998-07-28', 3, 'rembours', '\r'),
(980246, 100033, 29, '1998-07-13', '46924.20', '1998-08-11', 4, 'rembours', '\r'),
(980247, 100040, 23, '1998-07-13', '504.00', '1998-08-10', 4, 'rembours', '\r'),
(980248, 100013, 29, '1998-07-14', '3599.60', '1998-07-20', 3, 'rembours', '\r'),
(980249, 100029, 26, '1998-07-16', '8400.00', '1998-08-15', 2, 'rembours', '\r'),
(980250, 100015, 22, '1998-07-16', '300.00', '1998-08-09', 2, 'op rekening', '\r'),
(980251, 100031, 26, '1998-07-16', '1700.00', '1998-07-25', 3, 'op rekening', '\r'),
(980252, 100014, 23, '1998-07-17', '1197.15', '1998-08-23', 2, 'rembours', '\r'),
(980253, 100004, 20, '1998-07-17', '303.10', '1998-07-27', 1, 'op rekening', '\r'),
(980254, 100005, 23, '1998-07-18', '4763.00', '1998-07-30', 1, 'op rekening', '\r'),
(980255, 100005, 26, '1998-07-18', '2728.00', '1998-08-07', 2, 'op rekening', '\r'),
(980256, 100015, 20, '1998-07-19', '30900.00', '1998-08-18', 2, 'op rekening', '\r'),
(980257, 100028, 28, '1998-07-20', '11375.00', '1998-08-20', 2, 'rembours', '\r'),
(980258, 100001, 29, '1998-07-22', '3032.75', '1998-07-31', 3, 'rembours', '\r'),
(980259, 100007, 24, '1998-07-22', '521.25', '1998-08-11', 1, 'op rekening', '\r'),
(980260, 100003, 23, '1998-07-22', '2745.00', '1998-08-15', 3, 'vooraf', '\r'),
(980261, 100021, 22, '1998-07-24', '157.50', '1998-08-08', 2, 'op rekening', '\r'),
(980262, 100007, 26, '1998-07-25', '5100.00', '1998-08-23', 2, 'op rekening', '\r'),
(980263, 100003, 29, '1998-07-25', '1215.00', '1998-08-02', 4, 'vooraf', '\r'),
(980264, 100026, 23, '1998-07-27', '639.68', '1998-08-27', 3, 'vooraf', '\r'),
(980265, 100006, 22, '1998-07-28', '579.80', '1998-08-06', 4, 'vooraf', '\r'),
(980266, 100021, 26, '1998-07-30', '16077.70', '1998-09-02', 3, 'op rekening', '\r'),
(980267, 100035, 26, '1998-07-30', '345.00', '1998-08-06', 3, 'op rekening', '\r'),
(980268, 100001, 23, '1998-07-30', '7256.94', '1998-08-17', 3, 'rembours', '\r'),
(980269, 100001, 26, '1998-08-01', '14111.30', '1998-08-12', 1, 'rembours', '\r'),
(980270, 100027, 29, '1998-08-01', '400.00', '1998-09-08', 3, 'op rekening', '\r'),
(980271, 100032, 29, '1998-08-01', '35156.00', '1998-08-08', 1, 'vooraf', '\r'),
(980272, 100008, 29, '1998-08-02', '627.30', '1998-08-22', 3, 'op rekening', '\r'),
(980273, 100016, 29, '1998-08-03', '2268.00', '1998-08-27', 3, 'vooraf', '\r'),
(980274, 100008, 24, '1998-08-04', '1200.00', '1998-08-30', 3, 'op rekening', '\r'),
(980275, 100035, 26, '1998-08-05', '3400.00', '1998-08-29', 1, 'op rekening', '\r'),
(980276, 100015, 29, '1998-08-05', '7700.00', '1998-08-23', 3, 'op rekening', '\r'),
(980277, 100033, 26, '1998-08-05', '3677.70', '1998-08-20', 3, 'rembours', '\r'),
(980278, 100006, 26, '1998-08-05', '376.35', '1998-09-08', 1, 'vooraf', '\r'),
(980279, 100007, 22, '1998-08-05', '278.00', '1998-08-27', 4, 'op rekening', '\r'),
(980280, 100038, 23, '1998-08-07', '1488.00', '1998-08-29', 3, 'rembours', '\r'),
(980281, 100018, 23, '1998-08-08', '3606.40', '1998-08-24', 1, 'rembours', '\r'),
(980282, 100016, 20, '1998-08-12', '976.50', '1998-08-28', 4, 'vooraf', '\r'),
(980283, 100020, 28, '1998-08-12', '535.00', '1998-08-28', 3, 'rembours', '\r'),
(980284, 100036, 24, '1998-08-17', '2258.87', '1998-09-14', 1, 'vooraf', '\r'),
(980285, 100036, 20, '1998-08-17', '5523.10', '1998-09-08', 1, 'vooraf', '\r'),
(980286, 100003, 23, '1998-08-19', '4530.00', '1998-09-13', 1, 'vooraf', '\r'),
(980287, 100034, 29, '1998-08-20', '10506.00', '1998-08-28', 1, 'rembours', '\r'),
(980288, 100002, 26, '1998-08-21', '8999.00', '1998-09-22', 4, 'vooraf', '\r'),
(980289, 100014, 26, '1998-08-22', '20554.00', '1998-09-07', 1, 'rembours', '\r'),
(980290, 100026, 28, '1998-08-24', '729.00', '1998-08-29', 2, 'vooraf', '\r'),
(980291, 100001, 26, '1998-08-24', '300.00', '1998-09-20', 2, 'rembours', '\r'),
(980292, 100002, 23, '1998-08-26', '869.40', '1998-09-03', 2, 'vooraf', '\r'),
(980293, 100032, 22, '1998-08-26', '8.33', '1998-09-28', 4, 'vooraf', '\r'),
(980294, 100024, 26, '1998-08-26', '21700.00', '1998-09-14', 1, 'vooraf', '\r'),
(980295, 100015, 29, '1998-08-26', '36176.00', '1998-09-16', 2, 'op rekening', '\r'),
(980296, 100008, 24, '1998-08-26', '10803.00', '1998-09-04', 2, 'op rekening', '\r'),
(980297, 100033, 26, '1998-08-27', '31.85', '1998-09-18', 4, 'rembours', '\r'),
(980298, 100019, 26, '1998-08-29', '3950.00', '1998-09-20', 1, 'rembours', '\r'),
(980299, 100037, 29, '1998-08-31', '2479.40', '1998-09-19', 3, 'op rekening', '\r'),
(980300, 100039, 29, '1998-08-31', '4840.00', '1998-09-11', 2, 'rembours', '\r'),
(980301, 100031, 24, '1998-08-31', '2230.00', '1998-09-10', 2, 'op rekening', '\r'),
(980302, 100003, 22, '1998-09-01', '28275.00', '1998-10-08', 1, 'vooraf', '\r'),
(980303, 100016, 20, '1998-09-03', '4326.00', '1998-09-27', 4, 'vooraf', '\r'),
(980304, 100018, 20, '1998-09-03', '333.20', '1998-10-14', 3, 'rembours', '\r'),
(980305, 100021, 29, '1998-09-04', '364.00', '1998-10-04', 1, 'op rekening', '\r'),
(980306, 100031, 24, '1998-09-04', '155.00', '1998-09-24', 3, 'op rekening', '\r'),
(980307, 100028, 20, '1998-09-05', '233.70', '1998-09-26', 2, 'rembours', '\r'),
(980308, 100015, 24, '1998-09-05', '24525.00', '1998-09-15', 3, 'op rekening', '\r'),
(980309, 100001, 24, '1998-09-06', '16965.00', '1998-10-08', 2, 'rembours', '\r'),
(980310, 100024, 24, '1998-09-06', '28119.00', '1998-10-16', 3, 'vooraf', '\r'),
(980311, 100011, 28, '1998-09-07', '630.00', '1998-10-06', 2, 'vooraf', '\r'),
(980312, 100015, 23, '1998-09-07', '864.00', '1998-10-17', 3, 'op rekening', '\r'),
(980313, 100021, 28, '1998-09-09', '9676.40', '1998-10-10', 3, 'op rekening', '\r'),
(980314, 100013, 26, '1998-09-11', '359.96', '1998-09-29', 3, 'rembours', '\r'),
(980315, 100030, 24, '1998-09-11', '739.50', '1998-09-18', 2, 'rembours', '\r'),
(980316, 100036, 29, '1998-09-11', '896.00', '1998-10-09', 2, 'vooraf', '\r'),
(980317, 100017, 22, '1998-09-12', '4520.00', '1998-10-23', 1, 'vooraf', '\r'),
(980318, 100013, 28, '1998-09-12', '11099.40', '1998-10-13', 4, 'rembours', '\r'),
(980319, 100008, 20, '1998-09-13', '10803.00', '1998-09-24', 4, 'op rekening', '\r'),
(980320, 100036, 29, '1998-09-14', '1516.40', '1998-09-21', 1, 'vooraf', '\r'),
(980321, 100032, 23, '1998-09-15', '9044.00', '1998-10-10', 1, 'vooraf', '\r'),
(980322, 100038, 20, '1998-09-15', '3690.00', '1998-10-23', 3, 'rembours', '\r'),
(980323, 100004, 23, '1998-09-15', '3888.00', '1998-10-26', 4, 'op rekening', '\r'),
(980324, 100016, 20, '1998-09-17', '2789.69', '1998-10-27', 3, 'vooraf', '\r'),
(980325, 100023, 22, '1998-09-20', '28428.00', '1998-10-15', 3, 'vooraf', '\r'),
(980326, 100031, 23, '1998-09-20', '8809.50', '1998-10-12', 3, 'op rekening', '\r'),
(980327, 100027, 24, '1998-09-20', '289.90', '1998-10-16', 4, 'op rekening', '\r'),
(980328, 100025, 28, '1998-09-21', '34.40', '1998-10-19', 4, 'vooraf', '\r'),
(980329, 100035, 22, '1998-09-21', '23201.00', '1998-09-28', 1, 'op rekening', '\r'),
(980330, 100021, 29, '1998-09-22', '12051.00', '1998-10-01', 1, 'op rekening', '\r'),
(980331, 100035, 23, '1998-09-22', '630.00', '1998-10-23', 2, 'op rekening', '\r'),
(980332, 100038, 24, '1998-09-23', '10670.00', '1998-10-26', 2, 'rembours', '\r'),
(980333, 100026, 20, '1998-09-23', '11431.20', '1998-11-02', 3, 'vooraf', '\r'),
(980334, 100037, 24, '1998-09-23', '1176.00', '1998-11-03', 2, 'op rekening', '\r'),
(980335, 100017, 29, '1998-09-23', '688.80', '1998-10-10', 1, 'vooraf', '\r'),
(980336, 100020, 26, '1998-09-23', '166.50', '1998-09-28', 3, 'rembours', '\r'),
(980337, 100029, 23, '1998-09-24', '22866.00', '1998-10-25', 1, 'rembours', '\r'),
(980338, 100029, 26, '1998-09-26', '212.75', '1998-10-19', 3, 'rembours', '\r'),
(980339, 100038, 26, '1998-09-28', '463.20', '1998-10-31', 3, 'rembours', '\r'),
(980340, 100002, 22, '1998-09-28', '1360.00', '1998-10-15', 2, 'vooraf', '\r'),
(980341, 100001, 22, '1998-09-28', '5086.40', '1998-10-20', 3, 'rembours', '\r'),
(980342, 100005, 23, '1998-09-29', '899.55', '1998-10-17', 2, 'op rekening', '\r'),
(980343, 100027, 29, '1998-10-01', '21411.00', '1998-10-20', 1, 'op rekening', '\r'),
(980344, 100029, 26, '1998-10-02', '320.00', '1998-10-28', 2, 'rembours', '\r'),
(980345, 100000, 24, '1998-10-03', '11266.35', '1998-10-27', 3, 'op rekening', '\r'),
(980346, 100004, 26, '1998-10-04', '18.00', '1998-10-19', 1, 'op rekening', '\r'),
(980347, 100037, 26, '1998-10-04', '2480.00', '1998-10-21', 3, 'op rekening', '\r'),
(980348, 100012, 28, '1998-10-04', '28737.00', '1998-10-23', 4, 'rembours', '\r'),
(980349, 100036, 28, '1998-10-05', '6405.00', '1998-10-30', 3, 'vooraf', '\r'),
(980350, 100039, 29, '1998-10-05', '139.20', '1998-10-20', 3, 'rembours', '\r'),
(980351, 100014, 24, '1998-10-05', '3400.00', '1998-11-12', 3, 'rembours', '\r'),
(980352, 100012, 24, '1998-10-06', '21960.00', '1998-10-12', 3, 'rembours', '\r'),
(980353, 100010, 23, '1998-10-06', '68.80', '1998-11-02', 4, 'op rekening', '\r'),
(980354, 100027, 24, '1998-10-07', '90.00', '1998-11-14', 2, 'op rekening', '\r'),
(980355, 100030, 20, '1998-10-08', '240.00', '1998-11-11', 1, 'rembours', '\r'),
(980356, 100012, 24, '1998-10-11', '14823.00', '1998-11-13', 2, 'rembours', '\r'),
(980357, 100036, 22, '1998-10-13', '10449.00', '1998-10-30', 3, 'vooraf', '\r'),
(980358, 100005, 23, '1998-10-13', '1962.00', '1998-10-25', 3, 'op rekening', '\r'),
(980359, 100023, 23, '1998-10-14', '2600.00', '1998-11-14', 3, 'vooraf', '\r'),
(980360, 100010, 23, '1998-10-15', '5425.00', '1998-11-24', 3, 'op rekening', '\r'),
(980361, 100023, 24, '1998-10-15', '834.00', '1998-11-02', 2, 'vooraf', '\r'),
(980362, 100016, 20, '1998-10-18', '644.80', '1998-11-02', 1, 'vooraf', '\r'),
(980363, 100009, 23, '1998-10-18', '486.50', '1998-11-08', 4, 'op rekening', '\r'),
(980364, 100016, 23, '1998-10-20', '546.00', '1998-11-23', 2, 'vooraf', '\r'),
(980365, 100021, 29, '1998-10-20', '1635.00', '1998-11-03', 2, 'op rekening', '\r'),
(980366, 100021, 20, '1998-10-21', '539.40', '1998-11-12', 3, 'op rekening', '\r'),
(980367, 100012, 24, '1998-10-23', '1338.00', '1998-11-11', 1, 'rembours', '\r'),
(980368, 100028, 29, '1998-10-25', '6125.00', '1998-11-23', 4, 'rembours', '\r'),
(980369, 100000, 28, '1998-10-25', '13195.00', '1998-11-19', 2, 'op rekening', '\r'),
(980370, 100029, 26, '1998-10-25', '8991.00', '1998-11-26', 4, 'rembours', '\r'),
(980371, 100025, 26, '1998-10-25', '19839.75', '1998-11-25', 3, 'vooraf', '\r'),
(980372, 100005, 24, '1998-10-26', '3992.80', '1998-11-25', 3, 'op rekening', '\r'),
(980373, 100027, 29, '1998-10-26', '5780.00', '1998-11-16', 3, 'op rekening', '\r'),
(980374, 100013, 22, '1998-10-27', '959.52', '1998-11-05', 1, 'rembours', '\r'),
(980375, 100038, 26, '1998-10-28', '13195.00', '1998-12-06', 2, 'rembours', '\r'),
(980376, 100001, 26, '1998-10-29', '14418.90', '1998-11-19', 1, 'rembours', '\r'),
(980378, 100025, 23, '1998-10-29', '2519.90', '1998-11-16', 1, 'vooraf', '\r'),
(980379, 100030, 28, '1998-10-30', '220.50', '1998-11-15', 2, 'rembours', '\r'),
(980380, 100034, 23, '1998-10-31', '7206.00', '1998-12-07', 1, 'rembours', '\r'),
(980381, 100004, 26, '1998-11-02', '14856.90', '1998-12-02', 3, 'op rekening', '\r'),
(980382, 100013, 20, '1998-11-05', '33120.40', '1998-12-10', 4, 'rembours', '\r'),
(980383, 100010, 23, '1998-11-06', '139.20', '1998-12-09', 1, 'op rekening', '\r'),
(980384, 100004, 23, '1998-11-07', '1299.00', '1998-11-22', 2, 'op rekening', '\r'),
(980385, 100001, 29, '1998-11-09', '1512.90', '1998-12-11', 1, 'rembours', '\r'),
(980386, 100011, 28, '1998-11-09', '906.00', '1998-12-07', 2, 'vooraf', '\r'),
(980387, 100035, 28, '1998-11-10', '1845.00', '1998-12-18', 3, 'op rekening', '\r'),
(980388, 100004, 22, '1998-11-10', '179.98', '1998-11-28', 1, 'op rekening', '\r'),
(980389, 100018, 24, '1998-11-10', '250.90', '1998-12-05', 1, 'rembours', '\r'),
(980390, 100020, 22, '1998-11-12', '11025.00', '1998-12-09', 2, 'rembours', '\r'),
(980391, 100009, 26, '1998-11-12', '21112.00', '1998-12-22', 3, 'op rekening', '\r'),
(980392, 100028, 28, '1998-11-13', '24720.00', '1998-11-20', 4, 'rembours', '\r'),
(980393, 100005, 28, '1998-11-14', '591.43', '1998-11-24', 3, 'op rekening', '\r'),
(980394, 100020, 29, '1998-11-14', '98.40', '1998-12-12', 3, 'rembours', '\r'),
(980395, 100014, 22, '1998-11-15', '2869.00', '1998-11-30', 3, 'rembours', '\r'),
(980396, 100012, 29, '1998-11-15', '33930.00', '1998-12-26', 3, 'rembours', '\r'),
(980397, 100007, 24, '1998-11-15', '260.00', '1998-12-13', 4, 'op rekening', '\r'),
(980398, 100010, 22, '1998-11-15', '2249.75', '1998-12-13', 3, 'op rekening', '\r'),
(980399, 100037, 22, '1998-11-17', '98.40', '1998-12-14', 2, 'op rekening', '\r'),
(980400, 100022, 23, '1998-11-19', '14052.20', '1998-11-25', 3, 'vooraf', '\r'),
(980401, 100023, 29, '1998-11-20', '29716.00', '1998-11-30', 3, 'vooraf', '\r'),
(980402, 100004, 24, '1998-11-20', '627.30', '1998-12-06', 1, 'op rekening', '\r'),
(980403, 100010, 23, '1998-11-21', '358.30', '1998-12-10', 2, 'op rekening', '\r'),
(980404, 100015, 23, '1998-11-21', '1319.50', '1998-12-23', 2, 'op rekening', '\r'),
(980405, 100016, 28, '1998-11-22', '1400.00', '1998-12-10', 2, 'vooraf', '\r'),
(980406, 100010, 26, '1998-11-22', '34238.00', '1998-12-20', 3, 'op rekening', '\r'),
(980407, 100040, 29, '1998-11-23', '3139.50', '1998-12-15', 3, 'rembours', '\r'),
(980408, 100005, 26, '1998-11-23', '360.00', '1998-12-02', 3, 'op rekening', '\r'),
(980409, 100019, 23, '1998-11-24', '1688.70', '1998-12-08', 1, 'rembours', '\r'),
(980410, 100019, 26, '1998-11-24', '16965.00', '1998-12-22', 4, 'rembours', '\r'),
(980411, 100015, 23, '1998-11-24', '612.00', '1999-01-01', 2, 'op rekening', '\r'),
(980413, 100011, 24, '1998-11-24', '1299.00', '1998-12-13', 3, 'vooraf', '\r'),
(980414, 100022, 24, '1998-11-25', '180.00', '1999-01-03', 4, 'vooraf', '\r'),
(980415, 100027, 23, '1998-11-26', '8235.00', '1998-12-05', 2, 'op rekening', '\r'),
(980416, 100009, 20, '1998-11-27', '1917.80', '1999-01-06', 2, 'op rekening', '\r'),
(980417, 100032, 29, '1998-11-29', '33953.00', '1998-12-23', 2, 'vooraf', '\r'),
(980418, 100036, 28, '1998-11-29', '6160.00', '1998-12-05', 3, 'vooraf', '\r'),
(980419, 100039, 29, '1998-11-30', '1330.00', '1999-01-03', 1, 'rembours', '\r'),
(980420, 100040, 20, '1998-12-01', '400.40', '1999-01-02', 2, 'rembours', '\r'),
(980421, 100010, 28, '1998-12-01', '541.45', '1998-12-15', 3, 'op rekening', '\r'),
(980422, 100010, 29, '1998-12-03', '1885.00', '1998-12-27', 2, 'op rekening', '\r'),
(980423, 100004, 23, '1998-12-03', '582.90', '1999-01-10', 3, 'op rekening', '\r'),
(980424, 100008, 26, '1998-12-04', '1452.00', '1999-01-08', 2, 'op rekening', '\r'),
(980425, 100001, 22, '1998-12-04', '2480.00', '1999-01-14', 1, 'rembours', '\r'),
(980426, 100035, 20, '1998-12-04', '458.15', '1998-12-24', 1, 'op rekening', '\r'),
(980427, 100016, 28, '1998-12-04', '28900.00', '1998-12-30', 2, 'vooraf', '\r'),
(980428, 100028, 23, '1998-12-05', '9963.00', '1999-01-08', 4, 'rembours', '\r'),
(980429, 100040, 22, '1998-12-06', '3118.20', '1998-12-16', 2, 'rembours', '\r'),
(980430, 100000, 29, '1998-12-06', '2114.00', '1999-01-08', 4, 'op rekening', '\r'),
(980431, 100022, 24, '1998-12-06', '555.10', '1998-12-17', 2, 'vooraf', '\r'),
(980432, 100009, 22, '1998-12-07', '3878.00', '1999-01-17', 3, 'op rekening', '\r'),
(980433, 100005, 23, '1998-12-09', '618.00', '1998-12-25', 2, 'op rekening', '\r'),
(980434, 100022, 20, '1998-12-09', '4250.00', '1999-01-06', 3, 'vooraf', '\r'),
(980435, 100027, 23, '1998-12-09', '1510.00', '1998-12-18', 3, 'op rekening', '\r'),
(980436, 100025, 28, '1998-12-10', '331.50', '1999-01-19', 3, 'vooraf', '\r'),
(980437, 100022, 24, '1998-12-10', '7869.00', '1998-12-23', 3, 'vooraf', '\r'),
(980438, 100029, 26, '1998-12-12', '449.95', '1999-01-19', 3, 'rembours', '\r'),
(980439, 100002, 20, '1998-12-12', '8330.40', '1999-01-17', 1, 'vooraf', '\r'),
(980440, 100001, 24, '1998-12-13', '1066.40', '1999-01-10', 4, 'rembours', '\r'),
(980441, 100027, 29, '1998-12-13', '86.00', '1999-01-21', 1, 'op rekening', '\r'),
(980442, 100020, 26, '1998-12-13', '208.50', '1999-01-03', 2, 'rembours', '\r'),
(980443, 100013, 23, '1998-12-13', '1308.00', '1999-01-09', 1, 'rembours', '\r'),
(980444, 100032, 29, '1998-12-14', '2829.00', '1998-12-28', 1, 'vooraf', '\r'),
(980445, 100020, 24, '1998-12-15', '182.00', '1999-01-02', 3, 'rembours', '\r'),
(980446, 100031, 26, '1998-12-16', '13195.00', '1999-01-20', 1, 'op rekening', '\r'),
(980447, 100038, 26, '1998-12-17', '316.54', '1999-01-17', 2, 'rembours', '\r'),
(980448, 100018, 22, '1998-12-17', '68.80', '1999-01-16', 3, 'rembours', '\r'),
(980449, 100020, 22, '1998-12-17', '290.00', '1999-01-23', 1, 'rembours', '\r'),
(980450, 100019, 26, '1998-12-18', '2314.89', '1999-01-12', 4, 'rembours', '\r'),
(980451, 100017, 23, '1998-12-18', '1856.40', '1999-01-05', 3, 'vooraf', '\r'),
(980452, 100021, 29, '1998-12-19', '28275.00', '1999-01-04', 3, 'op rekening', '\r'),
(980453, 100010, 20, '1998-12-19', '1365.00', '1999-01-03', 3, 'op rekening', '\r'),
(980454, 100014, 29, '1998-12-19', '59250.00', '1999-01-22', 2, 'rembours', '\r'),
(980455, 100018, 23, '1998-12-20', '18914.00', '1999-01-01', 3, 'rembours', '\r'),
(980456, 100001, 28, '1998-12-20', '16534.00', '1999-01-24', 1, 'rembours', '\r'),
(990001, 100014, 29, '1999-01-02', '3119.86', '1999-01-07', 3, 'rembours', '\r'),
(990002, 100026, 28, '1999-01-05', '5657.42', '1999-01-22', 1, 'vooraf', '\r'),
(990003, 100004, 28, '1999-01-05', '28116.00', '1999-01-29', 4, 'op rekening', '\r'),
(990004, 100036, 28, '1999-01-06', '38438.40', '1999-01-25', 2, 'vooraf', '\r'),
(990005, 100007, 29, '1999-01-07', '1338.18', '1999-01-24', 3, 'op rekening', '\r'),
(990006, 100017, 24, '1999-01-07', '6084.25', '1999-01-15', 1, 'vooraf', '\r'),
(990007, 100003, 22, '1999-01-08', '589.30', '1999-01-14', 4, 'vooraf', '\r'),
(990008, 100001, 26, '1999-01-09', '29654.31', '1999-01-25', 4, 'rembours', '\r'),
(990009, 100009, 29, '1999-01-10', '2940.75', '1999-02-12', 1, 'op rekening', '\r'),
(990010, 100034, 29, '1999-01-11', '801.79', '1999-02-07', 3, 'rembours', '\r'),
(990011, 100031, 24, '1999-01-11', '4900.00', '1999-01-17', 3, 'op rekening', '\r'),
(990012, 100028, 28, '1999-01-12', '21823.00', '1999-02-22', 3, 'rembours', '\r'),
(990013, 100031, 23, '1999-01-12', '3130.60', '1999-02-07', 1, 'op rekening', '\r'),
(990014, 100023, 23, '1999-01-13', '1389.69', '1999-02-22', 4, 'vooraf', '\r'),
(990015, 100025, 26, '1999-01-13', '10089.00', '1999-02-23', 2, 'vooraf', '\r'),
(990016, 100025, 22, '1999-01-13', '332.10', '1999-02-06', 1, 'vooraf', '\r'),
(990017, 100029, 23, '1999-01-14', '9703.87', '1999-02-02', 2, 'rembours', '\r'),
(990018, 100033, 29, '1999-01-15', '22620.00', '1999-02-12', 2, 'rembours', '\r'),
(990019, 100036, 23, '1999-01-17', '4020.00', '1999-02-17', 2, 'vooraf', '\r'),
(990020, 100016, 20, '1999-01-18', '993.95', '1999-02-04', 1, 'vooraf', '\r'),
(990021, 100003, 28, '1999-01-18', '6925.00', '1999-02-12', 2, 'vooraf', '\r'),
(990022, 100020, 20, '1999-01-19', '80181.29', '1999-02-16', 4, 'rembours', '\r'),
(990023, 100030, 22, '1999-01-20', '16570.10', '1999-02-05', 3, 'rembours', '\r'),
(990024, 100006, 20, '1999-01-21', '2007.00', '1999-01-29', 2, 'vooraf', '\r'),
(990025, 100032, 22, '1999-01-21', '654.00', '1999-02-12', 3, 'vooraf', '\r'),
(990026, 100002, 28, '1999-01-23', '340.00', '1999-02-03', 3, 'vooraf', '\r'),
(990027, 100034, 20, '1999-01-24', '19929.88', '1999-02-05', 2, 'rembours', '\r'),
(990028, 100019, 28, '1999-01-25', '2277.30', '1999-03-04', 4, 'rembours', '\r'),
(990029, 100011, 26, '1999-01-25', '49904.00', '1999-02-09', 1, 'vooraf', '\r'),
(990030, 100027, 23, '1999-02-02', '1692.60', '1999-03-10', 1, 'op rekening', '\r'),
(990031, 100025, 29, '1999-02-03', '10018.50', '1999-02-23', 2, 'vooraf', '\r'),
(990032, 100025, 26, '1999-02-03', '1349.59', '1999-02-09', 2, 'vooraf', '\r'),
(990033, 100027, 26, '1999-02-04', '1299.00', '1999-03-11', 2, 'op rekening', '\r'),
(990034, 100023, 24, '1999-02-05', '11637.50', '1999-02-23', 1, 'vooraf', '\r'),
(990035, 100029, 29, '1999-02-05', '1200.00', '1999-03-14', 4, 'rembours', '\r'),
(990036, 100035, 23, '1999-02-06', '20412.00', '1999-02-20', 2, 'op rekening', '\r'),
(990037, 100010, 23, '1999-02-06', '68.00', '1999-03-17', 1, 'op rekening', '\r'),
(990038, 100004, 29, '1999-02-07', '18559.00', '1999-03-18', 3, 'op rekening', '\r'),
(990039, 100001, 28, '1999-02-07', '12990.00', '1999-03-13', 2, 'rembours', '\r'),
(990040, 100006, 26, '1999-02-09', '12760.00', '1999-03-02', 2, 'vooraf', '\r'),
(990041, 100037, 23, '1999-02-10', '1818.60', '1999-02-15', 2, 'op rekening', '\r'),
(990042, 100034, 26, '1999-02-11', '2500.00', '1999-03-11', 4, 'rembours', '\r'),
(990043, 100016, 23, '1999-02-11', '3588.00', '1999-02-28', 1, 'vooraf', '\r'),
(990044, 100011, 22, '1999-02-12', '125.00', '1999-03-15', 2, 'vooraf', '\r'),
(990045, 100007, 29, '1999-02-12', '160.00', '1999-03-12', 2, 'op rekening', '\r'),
(990046, 100020, 23, '1999-02-13', '5828.00', '1999-03-25', 2, 'rembours', '\r'),
(990047, 100013, 29, '1999-02-13', '8153.00', '1999-03-16', 4, 'rembours', '\r'),
(990048, 100020, 28, '1999-02-13', '2951.20', '1999-02-24', 3, 'rembours', '\r'),
(990049, 100016, 23, '1999-02-15', '63190.30', '1999-03-23', 3, 'vooraf', '\r'),
(990051, 100040, 24, '1999-02-16', '32443.00', '1999-03-11', 2, 'rembours', '\r'),
(990052, 100032, 28, '1999-02-16', '542.10', '1999-03-24', 4, 'vooraf', '\r'),
(990053, 100012, 29, '1999-02-17', '27450.00', '1999-02-25', 3, 'rembours', '\r'),
(990054, 100016, 28, '1999-02-19', '12465.00', '1999-03-20', 2, 'vooraf', '\r'),
(990055, 100038, 28, '1999-02-21', '4200.10', '1999-02-26', 3, 'rembours', '\r'),
(990056, 100006, 22, '1999-02-21', '453.00', '1999-02-26', 2, 'vooraf', '\r'),
(990057, 100024, 29, '1999-02-22', '1584.70', '1999-03-30', 2, 'vooraf', '\r'),
(990058, 100022, 23, '1999-02-23', '15552.00', '1999-03-23', 3, 'vooraf', '\r'),
(990059, 100021, 29, '1999-02-23', '960.00', '1999-03-04', 2, 'op rekening', '\r'),
(990060, 100007, 28, '1999-02-24', '2604.00', '1999-03-20', 4, 'op rekening', '\r'),
(990061, 100001, 29, '1999-02-24', '18041.00', '1999-03-11', 4, 'rembours', '\r'),
(990062, 100013, 23, '1999-02-24', '3723.80', '1999-03-23', 3, 'rembours', '\r'),
(990063, 100030, 23, '1999-02-24', '19398.00', '1999-04-02', 2, 'rembours', '\r'),
(990064, 100037, 22, '1999-02-26', '24378.00', '1999-03-31', 2, 'op rekening', '\r'),
(990065, 100039, 23, '1999-02-26', '2453.00', '1999-03-23', 3, 'rembours', '\r'),
(990066, 100034, 29, '1999-02-27', '9460.00', '1999-04-09', 2, 'rembours', '\r'),
(990067, 100018, 28, '1999-02-28', '20355.10', '1999-04-03', 2, 'rembours', '\r'),
(990068, 100027, 26, '1999-03-01', '1529.83', '1999-03-15', 2, 'op rekening', '\r'),
(990069, 100016, 23, '1999-03-01', '3155.60', '1999-03-11', 1, 'vooraf', '\r'),
(990070, 100035, 22, '1999-03-02', '22300.00', '1999-03-31', 2, 'op rekening', '\r'),
(990071, 100013, 23, '1999-03-03', '6913.25', '1999-03-12', 3, 'rembours', '\r'),
(990072, 100009, 28, '1999-03-04', '1131.60', '1999-03-17', 4, 'op rekening', '\r'),
(990073, 100039, 29, '1999-03-05', '73575.00', '1999-04-02', 4, 'rembours', '\r'),
(990074, 100032, 23, '1999-03-05', '1565.20', '1999-03-15', 2, 'vooraf', '\r'),
(990075, 100029, 22, '1999-03-05', '510.00', '1999-04-07', 3, 'rembours', '\r'),
(990076, 100033, 23, '1999-03-05', '3597.00', '1999-03-19', 4, 'rembours', '\r'),
(990077, 100023, 24, '1999-03-07', '979.51', '1999-03-22', 2, 'vooraf', '\r'),
(990078, 100005, 24, '1999-03-09', '61723.00', '1999-04-18', 1, 'op rekening', '\r'),
(990079, 100007, 23, '1999-03-09', '2895.00', '1999-03-19', 3, 'op rekening', '\r'),
(990080, 100027, 24, '1999-03-09', '1719.82', '1999-03-16', 4, 'op rekening', '\r'),
(990081, 100004, 29, '1999-03-10', '249.90', '1999-04-11', 2, 'op rekening', '\r'),
(990082, 100024, 23, '1999-03-11', '10751.40', '1999-04-14', 3, 'vooraf', '\r'),
(990083, 100035, 24, '1999-03-13', '29430.00', '1999-03-26', 2, 'op rekening', '\r'),
(990084, 100013, 29, '1999-03-13', '18411.00', '1999-04-12', 2, 'rembours', '\r'),
(990085, 100014, 29, '1999-03-13', '5040.00', '1999-03-29', 3, 'rembours', '\r'),
(990086, 100006, 20, '1999-03-14', '966.65', '1999-04-14', 2, 'vooraf', '\r'),
(990087, 100024, 20, '1999-03-15', '7725.00', '1999-04-01', 2, 'vooraf', '\r'),
(990088, 100012, 24, '1999-03-15', '786.50', '1999-04-13', 3, 'rembours', '\r'),
(990089, 100030, 23, '1999-03-16', '8991.00', '1999-04-04', 2, 'rembours', '\r'),
(990090, 100036, 23, '1999-03-18', '15326.40', '1999-04-20', 2, 'vooraf', '\r'),
(990091, 100005, 26, '1999-03-19', '450.80', '1999-04-03', 3, 'op rekening', '\r'),
(990092, 100023, 24, '1999-03-19', '614.25', '1999-04-09', 1, 'vooraf', '\r'),
(990093, 100026, 29, '1999-03-20', '465.00', '1999-04-06', 2, 'vooraf', '\r'),
(990094, 100009, 24, '1999-03-20', '9150.00', '1999-04-16', 2, 'op rekening', '\r'),
(990095, 100004, 22, '1999-03-21', '334.50', '1999-04-26', 4, 'op rekening', '\r'),
(990096, 100013, 23, '1999-03-24', '2551.20', '1999-05-04', 1, 'rembours', '\r'),
(990097, 100010, 20, '1999-03-24', '1200.00', '1999-04-12', 2, 'op rekening', '\r'),
(990098, 100025, 22, '1999-03-25', '8349.30', '1999-04-17', 3, 'vooraf', '\r'),
(990099, 100024, 22, '1999-03-25', '673.40', '1999-04-24', 2, 'vooraf', '\r'),
(990100, 100026, 20, '1999-03-25', '1849.90', '1999-04-19', 4, 'vooraf', '\r'),
(990101, 100014, 22, '1999-03-26', '29646.00', '1999-04-26', 2, 'rembours', '\r'),
(990102, 100032, 29, '1999-03-27', '3864.00', '1999-04-10', 2, 'vooraf', '\r'),
(990103, 100039, 22, '1999-03-27', '9810.00', '1999-04-02', 3, 'rembours', '\r'),
(990104, 100002, 29, '1999-03-28', '2997.00', '1999-04-02', 1, 'vooraf', '\r'),
(990105, 100036, 22, '1999-03-28', '29430.00', '1999-04-08', 2, 'vooraf', '\r'),
(990106, 100035, 26, '1999-03-28', '396.90', '1999-04-08', 2, 'op rekening', '\r'),
(990107, 100011, 23, '1999-03-29', '2550.00', '1999-04-17', 1, 'vooraf', '\r'),
(990108, 100015, 23, '1999-03-30', '897.45', '1999-04-20', 3, 'op rekening', '\r'),
(990109, 100007, 20, '1999-03-30', '180.00', '1999-04-27', 2, 'op rekening', '\r'),
(990110, 100005, 22, '1999-03-30', '1061.50', '1999-04-04', 2, 'op rekening', '\r'),
(990111, 100035, 26, '1999-03-31', '1079.88', '1999-04-28', 3, 'op rekening', '\r'),
(990112, 100032, 24, '1999-03-31', '1600.00', '1999-04-25', 3, 'vooraf', '\r'),
(990113, 100026, 29, '1999-04-01', '1599.20', '1999-04-10', 3, 'vooraf', '\r'),
(990114, 100013, 29, '1999-04-02', '2129.40', '1999-05-01', 3, 'rembours', '\r'),
(990115, 100006, 23, '1999-04-03', '2539.00', '1999-04-23', 4, 'vooraf', '\r'),
(990116, 100028, 24, '1999-04-03', '309.40', '1999-05-11', 1, 'rembours', '\r'),
(990117, 100036, 28, '1999-04-04', '45.00', '1999-05-13', 3, 'vooraf', '\r'),
(990118, 100006, 24, '1999-04-05', '2306.40', '1999-04-25', 2, 'vooraf', '\r'),
(990119, 100001, 28, '1999-04-06', '14535.00', '1999-04-19', 2, 'rembours', '\r'),
(990120, 100001, 26, '1999-04-08', '83.25', '1999-05-18', 1, 'rembours', '\r'),
(990121, 100012, 20, '1999-04-09', '33575.00', '1999-05-10', 3, 'rembours', '\r'),
(990122, 100023, 20, '1999-04-09', '183.26', '1999-05-14', 2, 'vooraf', '\r'),
(990123, 100019, 20, '1999-04-10', '1190.00', '1999-05-07', 2, 'rembours', '\r'),
(990124, 100040, 22, '1999-04-10', '410.00', '1999-04-24', 3, 'rembours', '\r'),
(990125, 100032, 23, '1999-04-11', '764.50', '1999-05-12', 2, 'vooraf', '\r'),
(990126, 100021, 24, '1999-04-11', '1479.26', '1999-04-23', 3, 'op rekening', '\r'),
(990127, 100009, 29, '1999-04-12', '974.61', '1999-04-29', 2, 'op rekening', '\r'),
(990128, 100020, 24, '1999-04-12', '1120.00', '1999-05-23', 2, 'rembours', '\r'),
(990129, 100015, 29, '1999-04-13', '3402.00', '1999-04-29', 1, 'op rekening', '\r'),
(990130, 100031, 29, '1999-04-13', '22.75', '1999-05-15', 2, 'op rekening', '\r'),
(990131, 100013, 24, '1999-04-13', '2916.00', '1999-05-08', 3, 'rembours', '\r'),
(990132, 100013, 22, '1999-04-13', '1860.69', '1999-04-19', 2, 'rembours', '\r'),
(990133, 100026, 29, '1999-04-13', '41550.00', '1999-05-22', 1, 'vooraf', '\r'),
(990134, 100037, 23, '1999-04-14', '29606.58', '1999-05-02', 2, 'op rekening', '\r'),
(990136, 100036, 20, '1999-04-15', '2000.00', '1999-05-19', 2, 'vooraf', '\r'),
(990137, 100033, 23, '1999-04-16', '324.87', '1999-04-26', 2, 'rembours', '\r'),
(990138, 100040, 29, '1999-04-16', '31654.00', '1999-05-15', 4, 'rembours', '\r'),
(990139, 100028, 24, '1999-04-16', '35256.90', '1999-05-20', 3, 'rembours', '\r'),
(990140, 100040, 24, '1999-04-18', '13660.80', '1999-05-02', 4, 'rembours', '\r'),
(990141, 100037, 23, '1999-04-19', '637.00', '1999-05-09', 3, 'op rekening', '\r'),
(990142, 100008, 24, '1999-04-20', '347.20', '1999-05-14', 2, 'op rekening', '\r'),
(990143, 100036, 29, '1999-04-21', '2339.74', '1999-05-26', 3, 'vooraf', '\r'),
(990144, 100016, 28, '1999-04-23', '16965.00', '1999-05-27', 1, 'vooraf', '\r'),
(990145, 100031, 26, '1999-04-24', '1529.83', '1999-05-21', 2, 'op rekening', '\r'),
(990146, 100023, 23, '1999-04-24', '1092.20', '1999-05-07', 2, 'vooraf', '\r'),
(990147, 100016, 23, '1999-04-24', '190.00', '1999-06-03', 2, 'vooraf', '\r'),
(990148, 100006, 23, '1999-04-25', '5022.80', '1999-05-14', 3, 'vooraf', '\r'),
(990149, 100005, 20, '1999-04-25', '12896.00', '1999-05-07', 3, 'op rekening', '\r'),
(990150, 100023, 20, '1999-04-26', '19337.98', '1999-05-22', 2, 'vooraf', '\r'),
(990151, 100015, 28, '1999-04-26', '36871.00', '1999-05-12', 2, 'op rekening', '\r'),
(990152, 100033, 24, '1999-05-02', '5124.00', '1999-05-15', 3, 'rembours', '\r'),
(990153, 100039, 24, '1999-05-03', '280.00', '1999-05-24', 2, 'rembours', '\r'),
(990154, 100002, 23, '1999-05-03', '408.17', '1999-06-05', 2, 'vooraf', '\r'),
(990155, 100000, 26, '1999-05-04', '11301.30', '1999-06-08', 4, 'op rekening', '\r'),
(990157, 100014, 26, '1999-05-04', '15372.00', '1999-05-25', 2, 'rembours', '\r'),
(990158, 100015, 20, '1999-05-04', '28158.40', '1999-05-30', 1, 'op rekening', '\r'),
(990159, 100022, 20, '1999-05-05', '800.00', '1999-06-06', 2, 'vooraf', '\r'),
(990160, 100023, 24, '1999-05-05', '25980.00', '1999-05-14', 3, 'vooraf', '\r'),
(990161, 100018, 20, '1999-05-05', '1128.40', '1999-05-29', 2, 'rembours', '\r'),
(990162, 100004, 28, '1999-05-06', '40.00', '1999-06-05', 4, 'op rekening', '\r'),
(990163, 100022, 24, '1999-05-07', '1259.86', '1999-05-20', 4, 'vooraf', '\r'),
(990164, 100018, 23, '1999-05-07', '5196.00', '1999-06-13', 4, 'rembours', '\r'),
(990165, 100024, 23, '1999-05-07', '234.00', '1999-06-06', 1, 'vooraf', '\r'),
(990166, 100015, 28, '1999-05-08', '5124.00', '1999-05-20', 3, 'op rekening', '\r'),
(990167, 100030, 20, '1999-05-08', '200.00', '1999-06-17', 3, 'rembours', '\r'),
(990168, 100019, 22, '1999-05-09', '5600.00', '1999-06-10', 2, 'rembours', '\r'),
(990169, 100014, 29, '1999-05-09', '756.00', '1999-06-05', 2, 'rembours', '\r'),
(990170, 100000, 26, '1999-05-09', '11115.50', '1999-06-06', 2, 'op rekening', '\r'),
(990171, 100016, 20, '1999-05-09', '22809.00', '1999-05-17', 1, 'vooraf', '\r'),
(990172, 100038, 26, '1999-05-10', '408.00', '1999-06-03', 3, 'rembours', '\r'),
(990173, 100004, 23, '1999-05-10', '5562.00', '1999-05-15', 1, 'op rekening', '\r'),
(990174, 100011, 29, '1999-05-12', '619.75', '1999-06-03', 1, 'vooraf', '\r'),
(990175, 100012, 28, '1999-05-13', '6480.00', '1999-06-21', 2, 'rembours', '\r'),
(990176, 100010, 20, '1999-05-14', '14059.20', '1999-06-01', 4, 'op rekening', '\r'),
(990177, 100033, 28, '1999-05-15', '15780.50', '1999-06-09', 1, 'rembours', '\r'),
(990178, 100032, 29, '1999-05-15', '2812.80', '1999-06-05', 3, 'vooraf', '\r'),
(990179, 100006, 26, '1999-05-15', '236.00', '1999-06-17', 4, 'vooraf', '\r'),
(990180, 100016, 24, '1999-05-16', '11270.00', '1999-05-23', 2, 'vooraf', '\r'),
(990181, 100031, 22, '1999-05-17', '28680.00', '1999-06-13', 3, 'op rekening', '\r'),
(990182, 100009, 28, '1999-05-17', '370.00', '1999-05-27', 2, 'op rekening', '\r'),
(990183, 100014, 24, '1999-05-18', '8053.80', '1999-06-22', 2, 'rembours', '\r'),
(990184, 100004, 23, '1999-05-18', '16350.00', '1999-06-16', 3, 'op rekening', '\r'),
(990185, 100029, 26, '1999-05-19', '45.50', '1999-05-24', 4, 'rembours', '\r'),
(990186, 100002, 26, '1999-05-20', '1284.00', '1999-05-25', 2, 'vooraf', '\r'),
(990187, 100034, 22, '1999-05-21', '498.80', '1999-06-30', 3, 'rembours', '\r'),
(990188, 100033, 20, '1999-05-21', '3075.00', '1999-06-17', 2, 'rembours', '\r'),
(990189, 100029, 22, '1999-05-24', '3483.00', '1999-06-29', 3, 'rembours', '\r'),
(990190, 100018, 20, '1999-05-24', '54360.00', '1999-06-19', 3, 'rembours', '\r'),
(990191, 100038, 26, '1999-05-25', '3675.00', '1999-06-22', 3, 'rembours', '\r'),
(990192, 100038, 24, '1999-05-25', '113250.00', '1999-06-16', 4, 'rembours', '\r'),
(990193, 100027, 23, '1999-05-26', '20735.00', '1999-06-01', 1, 'op rekening', '\r'),
(990194, 100030, 28, '1999-05-28', '224.00', '1999-06-04', 1, 'rembours', '\r'),
(990195, 100037, 29, '1999-05-28', '624.40', '1999-06-15', 2, 'op rekening', '\r'),
(990196, 100004, 29, '1999-05-28', '984.30', '1999-07-01', 2, 'op rekening', '\r'),
(990197, 100031, 28, '1999-05-29', '189.00', '1999-07-04', 2, 'op rekening', '\r'),
(990198, 100026, 24, '1999-05-30', '324.00', '1999-07-05', 2, 'vooraf', '\r'),
(990199, 100009, 23, '1999-05-31', '143.00', '1999-07-02', 3, 'op rekening', '\r'),
(990200, 100036, 26, '1999-05-31', '1349.85', '1999-07-09', 4, 'vooraf', '\r'),
(990201, 100008, 23, '1999-06-01', '791.30', '1999-06-25', 3, 'op rekening', '\r'),
(990202, 100007, 29, '1999-06-02', '3288.00', '1999-07-12', 3, 'op rekening', '\r'),
(990203, 100023, 29, '1999-06-02', '3634.40', '1999-06-26', 1, 'vooraf', '\r'),
(990204, 100002, 23, '1999-06-03', '565.50', '1999-06-30', 4, 'vooraf', '\r'),
(990205, 100032, 24, '1999-06-05', '173.70', '1999-07-11', 3, 'vooraf', '\r'),
(990206, 100006, 26, '1999-06-06', '620.00', '1999-07-13', 1, 'vooraf', '\r'),
(990207, 100024, 29, '1999-06-06', '8784.00', '1999-07-15', 2, 'vooraf', '\r'),
(990208, 100002, 23, '1999-06-08', '521.25', '1999-06-25', 2, 'vooraf', '\r'),
(990209, 100014, 28, '1999-06-10', '486.00', '1999-06-26', 2, 'rembours', '\r'),
(990210, 100000, 26, '1999-06-12', '230.00', '1999-07-10', 2, 'op rekening', '\r'),
(990211, 100023, 20, '1999-06-12', '1008.60', '1999-07-14', 4, 'vooraf', '\r'),
(990212, 100028, 22, '1999-06-15', '3400.00', '1999-07-10', 1, 'rembours', '\r'),
(990213, 100036, 23, '1999-06-16', '1600.00', '1999-07-13', 3, 'vooraf', '\r'),
(990214, 100000, 24, '1999-06-17', '764.50', '1999-07-09', 3, 'op rekening', '\r'),
(990215, 100015, 28, '1999-06-17', '32700.00', '1999-06-22', 2, 'op rekening', '\r'),
(990216, 100009, 23, '1999-06-18', '18412.00', '1999-07-06', 3, 'op rekening', '\r'),
(990217, 100009, 26, '1999-06-19', '15198.30', '1999-07-01', 3, 'op rekening', '\r'),
(990218, 100039, 29, '1999-06-20', '130.00', '1999-07-25', 4, 'rembours', '\r'),
(990219, 100005, 22, '1999-06-20', '567.00', '1999-07-03', 3, 'op rekening', '\r'),
(990220, 100037, 24, '1999-06-21', '850.00', '1999-07-22', 3, 'op rekening', '\r'),
(990221, 100028, 29, '1999-06-22', '696.00', '1999-07-12', 3, 'rembours', '\r'),
(990222, 100029, 26, '1999-06-22', '225.00', '1999-07-19', 1, 'rembours', '\r'),
(990223, 100023, 23, '1999-06-23', '21700.00', '1999-07-11', 2, 'vooraf', '\r'),
(990224, 100016, 20, '1999-06-24', '2879.68', '1999-07-25', 3, 'vooraf', '\r'),
(990225, 100008, 23, '1999-06-25', '16235.80', '1999-07-23', 3, 'op rekening', '\r'),
(990226, 100010, 24, '1999-06-25', '24057.00', '1999-07-21', 3, 'op rekening', '\r'),
(990227, 100015, 29, '1999-06-27', '1158.00', '1999-07-22', 3, 'op rekening', '\r'),
(990228, 100009, 28, '1999-06-27', '4026.90', '1999-07-06', 1, 'op rekening', '\r'),
(990229, 100038, 24, '1999-06-28', '974.65', '1999-07-16', 3, 'rembours', '\r'),
(990230, 100005, 28, '1999-06-29', '29716.00', '1999-07-28', 3, 'op rekening', '\r'),
(990231, 100018, 23, '1999-07-02', '8310.00', '1999-08-08', 4, 'rembours', '\r'),
(990232, 100023, 28, '1999-07-02', '10002.30', '1999-07-21', 2, 'vooraf', '\r'),
(990233, 100023, 29, '1999-07-02', '147.60', '1999-07-31', 4, 'vooraf', '\r'),
(990234, 100035, 26, '1999-07-03', '1404.00', '1999-07-22', 2, 'op rekening', '\r'),
(990235, 100022, 20, '1999-07-03', '258.20', '1999-07-19', 3, 'vooraf', '\r'),
(990236, 100040, 28, '1999-07-03', '615.00', '1999-08-09', 4, 'rembours', '\r'),
(990237, 100036, 23, '1999-07-04', '1694.00', '1999-07-28', 1, 'vooraf', '\r'),
(990238, 100014, 28, '1999-07-04', '717.00', '1999-07-21', 2, 'rembours', '\r'),
(990239, 100005, 28, '1999-07-06', '154.40', '1999-07-24', 3, 'op rekening', '\r'),
(990240, 100035, 28, '1999-07-06', '7684.20', '1999-07-16', 2, 'op rekening', '\r'),
(990241, 100025, 20, '1999-07-07', '39240.00', '1999-07-25', 3, 'vooraf', '\r'),
(990242, 100032, 20, '1999-07-07', '504.00', '1999-08-12', 3, 'vooraf', '\r'),
(990243, 100035, 28, '1999-07-07', '3689.59', '1999-07-14', 1, 'op rekening', '\r'),
(990244, 100020, 20, '1999-07-08', '8400.00', '1999-08-15', 1, 'rembours', '\r'),
(990245, 100006, 24, '1999-07-09', '6500.00', '1999-07-26', 2, 'vooraf', '\r'),
(990246, 100016, 22, '1999-07-10', '5226.00', '1999-07-28', 2, 'vooraf', '\r'),
(990247, 100009, 23, '1999-07-11', '1061.50', '1999-08-03', 3, 'op rekening', '\r'),
(990248, 100018, 20, '1999-07-11', '303.10', '1999-08-20', 4, 'rembours', '\r'),
(990249, 100002, 23, '1999-07-11', '4763.00', '1999-07-29', 2, 'vooraf', '\r'),
(990250, 100004, 23, '1999-07-12', '2728.00', '1999-07-28', 3, 'op rekening', '\r'),
(990251, 100007, 23, '1999-07-13', '30900.00', '1999-08-21', 2, 'op rekening', '\r'),
(990252, 100000, 24, '1999-07-13', '11375.00', '1999-07-21', 2, 'op rekening', '\r'),
(990253, 100012, 24, '1999-07-13', '2598.00', '1999-08-05', 1, 'rembours', '\r'),
(990254, 100019, 29, '1999-07-14', '434.75', '1999-07-31', 2, 'rembours', '\r'),
(990255, 100010, 23, '1999-07-15', '521.25', '1999-07-24', 2, 'op rekening', '\r'),
(990256, 100014, 29, '1999-07-15', '2745.00', '1999-08-24', 3, 'rembours', '\r'),
(990257, 100008, 24, '1999-07-17', '157.50', '1999-07-23', 3, 'op rekening', '\r'),
(990258, 100022, 20, '1999-07-17', '12054.68', '1999-08-19', 3, 'vooraf', '\r'),
(990259, 100000, 29, '1999-07-18', '579.80', '1999-08-21', 1, 'op rekening', '\r'),
(990260, 100033, 24, '1999-07-18', '15977.70', '1999-08-18', 2, 'rembours', '\r'),
(990261, 100029, 20, '1999-07-20', '3000.00', '1999-08-21', 2, 'rembours', '\r'),
(990262, 100010, 29, '1999-07-20', '345.00', '1999-08-02', 2, 'op rekening', '\r'),
(990263, 100020, 28, '1999-07-20', '119.94', '1999-07-27', 3, 'rembours', '\r'),
(990264, 100002, 23, '1999-07-21', '7137.00', '1999-08-24', 3, 'vooraf', '\r'),
(990265, 100035, 24, '1999-07-22', '916.30', '1999-08-23', 1, 'op rekening', '\r'),
(990266, 100020, 26, '1999-07-22', '588.50', '1999-08-17', 3, 'rembours', '\r'),
(990267, 100024, 24, '1999-07-22', '8500.00', '1999-08-21', 3, 'vooraf', '\r'),
(990268, 100007, 28, '1999-07-22', '25130.00', '1999-08-03', 2, 'op rekening', '\r'),
(990269, 100003, 28, '1999-07-23', '9410.00', '1999-08-22', 1, 'vooraf', '\r'),
(990270, 100021, 23, '1999-07-24', '738.00', '1999-08-22', 3, 'op rekening', '\r'),
(990271, 100019, 29, '1999-07-26', '23499.70', '1999-08-22', 2, 'rembours', '\r'),
(990272, 100038, 24, '1999-07-29', '386.00', '1999-08-08', 2, 'rembours', '\r'),
(990273, 100006, 26, '1999-07-29', '2780.00', '1999-08-09', 4, 'vooraf', '\r'),
(990274, 100012, 22, '1999-07-31', '1488.00', '1999-08-12', 1, 'rembours', '\r'),
(990275, 100004, 29, '1999-08-01', '3606.40', '1999-08-18', 3, 'op rekening', '\r'),
(990276, 100032, 22, '1999-08-02', '350.00', '1999-08-19', 3, 'vooraf', '\r'),
(990277, 100015, 22, '1999-08-02', '455.00', '1999-08-09', 3, 'op rekening', '\r'),
(990278, 100014, 29, '1999-08-02', '535.00', '1999-08-25', 3, 'rembours', '\r'),
(990279, 100027, 22, '1999-08-04', '2258.87', '1999-08-09', 4, 'op rekening', '\r'),
(990280, 100017, 29, '1999-08-05', '810.60', '1999-08-12', 2, 'vooraf', '\r'),
(990281, 100022, 28, '1999-08-06', '188.50', '1999-09-14', 2, 'vooraf', '\r'),
(990282, 100003, 22, '1999-08-06', '44481.00', '1999-09-08', 2, 'vooraf', '\r'),
(990283, 100039, 22, '1999-08-07', '539.94', '1999-09-09', 3, 'rembours', '\r'),
(990284, 100010, 26, '1999-08-07', '20554.00', '1999-08-18', 2, 'op rekening', '\r'),
(990285, 100021, 28, '1999-08-10', '1029.00', '1999-09-12', 1, 'op rekening', '\r'),
(990286, 100021, 24, '1999-08-11', '869.40', '1999-08-19', 2, 'op rekening', '\r'),
(990287, 100017, 20, '1999-08-12', '8.33', '1999-09-20', 3, 'vooraf', '\r'),
(990288, 100039, 28, '1999-08-12', '21700.00', '1999-09-13', 2, 'rembours', '\r'),
(990289, 100004, 26, '1999-08-13', '36176.00', '1999-09-17', 2, 'op rekening', '\r'),
(990290, 100012, 20, '1999-08-14', '11080.00', '1999-08-22', 3, 'rembours', '\r'),
(990291, 100032, 28, '1999-08-14', '31.85', '1999-09-05', 3, 'vooraf', '\r'),
(990292, 100029, 26, '1999-08-14', '11850.00', '1999-09-15', 4, 'rembours', '\r'),
(990293, 100012, 23, '1999-08-15', '2479.40', '1999-09-14', 3, 'rembours', '\r'),
(990294, 100014, 22, '1999-08-17', '4840.00', '1999-09-25', 4, 'rembours', '\r'),
(990295, 100000, 29, '1999-08-17', '33450.00', '1999-09-12', 1, 'op rekening', '\r'),
(990296, 100018, 22, '1999-08-17', '30160.00', '1999-08-31', 1, 'rembours', '\r'),
(990297, 100005, 22, '1999-08-20', '4326.00', '1999-09-10', 3, 'op rekening', '\r'),
(990298, 100006, 29, '1999-08-20', '333.20', '1999-09-05', 3, 'vooraf', '\r'),
(990299, 100008, 29, '1999-08-21', '364.00', '1999-08-26', 4, 'op rekening', '\r'),
(990300, 100026, 29, '1999-08-22', '155.00', '1999-09-30', 3, 'vooraf', '\r'),
(990301, 100007, 28, '1999-08-22', '246.00', '1999-09-04', 1, 'op rekening', '\r'),
(990302, 100019, 23, '1999-08-24', '24525.00', '1999-09-20', 2, 'rembours', '\r'),
(990303, 100012, 23, '1999-08-25', '3770.00', '1999-09-11', 2, 'rembours', '\r'),
(990304, 100006, 23, '1999-08-26', '28119.00', '1999-09-09', 2, 'vooraf', '\r'),
(990305, 100024, 28, '1999-08-27', '756.00', '1999-09-30', 3, 'vooraf', '\r'),
(990306, 100031, 23, '1999-08-28', '864.00', '1999-10-04', 2, 'op rekening', '\r'),
(990307, 100026, 29, '1999-08-28', '9676.40', '1999-09-08', 2, 'vooraf', '\r'),
(990308, 100038, 20, '1999-08-28', '359.96', '1999-09-07', 3, 'rembours', '\r'),
(990309, 100003, 29, '1999-08-28', '739.50', '1999-10-07', 2, 'vooraf', '\r'),
(990310, 100021, 23, '1999-08-28', '112.00', '1999-10-03', 3, 'op rekening', '\r'),
(990311, 100020, 26, '1999-08-29', '45.00', '1999-10-06', 3, 'rembours', '\r'),
(990312, 100014, 22, '1999-08-29', '425.00', '1999-09-11', 1, 'rembours', '\r'),
(990313, 100001, 26, '1999-08-30', '3807.00', '1999-09-22', 4, 'rembours', '\r'),
(990314, 100030, 24, '1999-08-31', '11099.40', '1999-09-23', 3, 'rembours', '\r'),
(990315, 100014, 26, '1999-09-01', '33240.00', '1999-09-13', 2, 'rembours', '\r'),
(990316, 100018, 29, '1999-09-02', '1516.40', '1999-09-09', 3, 'rembours', '\r'),
(990317, 100008, 29, '1999-09-05', '13288.70', '1999-10-16', 3, 'op rekening', '\r'),
(990318, 100014, 23, '1999-09-05', '2789.69', '1999-10-07', 1, 'rembours', '\r'),
(990319, 100033, 28, '1999-09-05', '28428.00', '1999-10-14', 4, 'rembours', '\r'),
(990320, 100011, 23, '1999-09-06', '8140.00', '1999-09-16', 4, 'vooraf', '\r'),
(990321, 100013, 29, '1999-09-07', '669.50', '1999-09-19', 3, 'rembours', '\r'),
(990322, 100026, 29, '1999-09-07', '289.90', '1999-10-04', 2, 'vooraf', '\r'),
(990323, 100006, 29, '1999-09-07', '34.40', '1999-10-05', 4, 'vooraf', '\r'),
(990324, 100025, 23, '1999-09-08', '12100.00', '1999-10-12', 1, 'vooraf', '\r'),
(990325, 100032, 23, '1999-09-09', '9799.00', '1999-10-05', 2, 'vooraf', '\r'),
(990326, 100032, 20, '1999-09-10', '8092.00', '1999-10-10', 2, 'vooraf', '\r'),
(990327, 100037, 29, '1999-09-10', '12051.00', '1999-10-12', 3, 'op rekening', '\r'),
(990328, 100021, 22, '1999-09-10', '630.00', '1999-10-04', 2, 'op rekening', '\r'),
(990329, 100002, 23, '1999-09-11', '23990.00', '1999-09-20', 3, 'vooraf', '\r'),
(990330, 100005, 26, '1999-09-13', '166.50', '1999-10-03', 3, 'op rekening', '\r'),
(990331, 100023, 20, '1999-09-13', '22866.00', '1999-09-26', 2, 'vooraf', '\r'),
(990332, 100001, 28, '1999-09-14', '212.75', '1999-10-01', 3, 'rembours', '\r'),
(990333, 100021, 28, '1999-09-15', '463.20', '1999-09-26', 3, 'op rekening', '\r'),
(990334, 100018, 24, '1999-09-15', '1360.00', '1999-10-20', 3, 'rembours', '\r'),
(990335, 100022, 20, '1999-09-19', '1686.40', '1999-10-11', 1, 'vooraf', '\r'),
(990336, 100011, 23, '1999-09-21', '3400.00', '1999-10-13', 1, 'vooraf', '\r'),
(990337, 100020, 26, '1999-09-22', '899.55', '1999-10-07', 3, 'rembours', '\r'),
(990338, 100032, 29, '1999-09-23', '21411.00', '1999-10-04', 3, 'vooraf', '\r'),
(990339, 100032, 20, '1999-09-25', '320.00', '1999-10-17', 3, 'vooraf', '\r'),
(990340, 100022, 29, '1999-09-25', '376.35', '1999-10-10', 1, 'vooraf', '\r'),
(990341, 100014, 24, '1999-09-26', '10908.00', '1999-10-02', 3, 'rembours', '\r'),
(990342, 100011, 20, '1999-09-27', '2480.00', '1999-10-24', 1, 'vooraf', '\r'),
(990343, 100032, 23, '1999-09-27', '28737.00', '1999-10-23', 2, 'vooraf', '\r'),
(990344, 100037, 23, '1999-09-28', '6405.00', '1999-10-22', 2, 'op rekening', '\r'),
(990345, 100022, 20, '1999-09-29', '989.20', '1999-10-19', 3, 'vooraf', '\r'),
(990346, 100001, 24, '1999-09-30', '21960.00', '1999-10-08', 1, 'rembours', '\r');
INSERT INTO `orders` (`ordernr`, `klantnr`, `persnr`, `orderdatum`, `orderbedrag`, `leverdatum`, `verzendcode`, `betalingscondities`, `orderopmerking`) VALUES
(990347, 100009, 22, '1999-10-01', '68.80', '1999-10-25', 3, 'op rekening', '\r'),
(990348, 100003, 29, '1999-10-04', '900.00', '1999-11-06', 4, 'vooraf', '\r'),
(990349, 100018, 22, '1999-10-05', '2400.00', '1999-10-24', 3, 'rembours', '\r'),
(990350, 100026, 23, '1999-10-06', '14823.00', '1999-11-02', 2, 'vooraf', '\r'),
(990351, 100038, 26, '1999-10-06', '10449.00', '1999-10-28', 1, 'rembours', '\r'),
(990352, 100027, 23, '1999-10-06', '7848.00', '1999-11-14', 1, 'op rekening', '\r'),
(990353, 100038, 24, '1999-10-07', '2600.00', '1999-11-15', 2, 'rembours', '\r'),
(990354, 100009, 22, '1999-10-07', '5425.00', '1999-10-21', 3, 'op rekening', '\r'),
(990355, 100020, 29, '1999-10-07', '2085.00', '1999-11-05', 3, 'rembours', '\r'),
(990356, 100011, 23, '1999-10-08', '644.80', '1999-11-11', 2, 'vooraf', '\r'),
(990357, 100002, 22, '1999-10-08', '1042.50', '1999-10-30', 1, 'vooraf', '\r'),
(990358, 100012, 23, '1999-10-09', '505.05', '1999-10-18', 1, 'rembours', '\r'),
(990359, 100013, 29, '1999-10-09', '26814.00', '1999-10-27', 2, 'rembours', '\r'),
(990360, 100003, 22, '1999-10-12', '539.40', '1999-11-13', 3, 'vooraf', '\r'),
(990361, 100030, 23, '1999-10-13', '1293.40', '1999-11-11', 2, 'rembours', '\r'),
(990362, 100033, 29, '1999-10-14', '6125.00', '1999-10-30', 1, 'rembours', '\r'),
(990363, 100012, 20, '1999-10-15', '4712.50', '1999-11-24', 3, 'rembours', '\r'),
(990364, 100032, 20, '1999-10-16', '8991.00', '1999-11-16', 4, 'vooraf', '\r'),
(990365, 100018, 20, '1999-10-16', '989.75', '1999-11-04', 2, 'rembours', '\r'),
(990366, 100002, 22, '1999-10-17', '245.05', '1999-10-28', 4, 'vooraf', '\r'),
(990367, 100014, 26, '1999-10-18', '1508.00', '1999-11-15', 3, 'rembours', '\r'),
(990368, 100005, 22, '1999-10-18', '3992.80', '1999-11-15', 2, 'op rekening', '\r'),
(990369, 100025, 23, '1999-10-21', '15300.00', '1999-11-07', 2, 'vooraf', '\r'),
(990370, 100007, 23, '1999-10-22', '959.52', '1999-11-22', 4, 'op rekening', '\r'),
(990371, 100011, 23, '1999-10-22', '38923.90', '1999-11-16', 2, 'vooraf', '\r'),
(990372, 100012, 20, '1999-10-22', '2519.90', '1999-10-29', 1, 'rembours', '\r'),
(990373, 100032, 28, '1999-10-23', '220.50', '1999-11-12', 3, 'vooraf', '\r'),
(990374, 100019, 26, '1999-10-25', '38505.00', '1999-11-08', 2, 'rembours', '\r'),
(990375, 100010, 28, '1999-10-26', '6300.00', '1999-11-26', 3, 'op rekening', '\r'),
(990376, 100004, 28, '1999-10-29', '315.00', '1999-12-08', 1, 'op rekening', '\r'),
(990377, 100027, 26, '1999-10-29', '14523.00', '1999-11-29', 3, 'op rekening', '\r'),
(990378, 100039, 26, '1999-10-30', '31827.00', '1999-11-23', 1, 'rembours', '\r'),
(990379, 100030, 20, '1999-10-31', '1293.40', '1999-11-21', 4, 'rembours', '\r'),
(990380, 100035, 26, '1999-10-31', '1438.20', '1999-11-08', 1, 'op rekening', '\r'),
(990381, 100022, 29, '1999-10-31', '2418.90', '1999-11-15', 3, 'vooraf', '\r'),
(990382, 100023, 23, '1999-11-02', '18022.60', '1999-12-02', 1, 'vooraf', '\r'),
(990383, 100018, 29, '1999-11-03', '250.90', '1999-12-09', 1, 'rembours', '\r'),
(990384, 100037, 23, '1999-11-04', '11025.00', '1999-11-23', 3, 'op rekening', '\r'),
(990385, 100012, 28, '1999-11-05', '37700.00', '1999-12-07', 3, 'rembours', '\r'),
(990386, 100032, 20, '1999-11-07', '24720.00', '1999-11-17', 2, 'vooraf', '\r'),
(990387, 100017, 28, '1999-11-07', '591.43', '1999-11-15', 3, 'vooraf', '\r'),
(990388, 100038, 26, '1999-11-08', '98.40', '1999-12-14', 2, 'rembours', '\r'),
(990389, 100033, 23, '1999-11-11', '2869.00', '1999-12-10', 3, 'rembours', '\r'),
(990390, 100016, 20, '1999-11-11', '28275.00', '1999-11-25', 2, 'vooraf', '\r'),
(990391, 100018, 22, '1999-11-12', '260.00', '1999-11-30', 1, 'rembours', '\r'),
(990392, 100020, 23, '1999-11-12', '2249.75', '1999-11-19', 2, 'rembours', '\r'),
(990393, 100001, 29, '1999-11-13', '98.40', '1999-12-09', 4, 'rembours', '\r'),
(990394, 100024, 28, '1999-11-13', '8310.00', '1999-12-19', 2, 'vooraf', '\r'),
(990395, 100006, 28, '1999-11-14', '1587.20', '1999-12-02', 2, 'vooraf', '\r'),
(990396, 100009, 29, '1999-11-14', '29716.00', '1999-11-24', 2, 'op rekening', '\r'),
(990397, 100031, 24, '1999-11-15', '627.30', '1999-12-19', 3, 'op rekening', '\r'),
(990398, 100033, 24, '1999-11-15', '68.80', '1999-12-10', 1, 'rembours', '\r'),
(990399, 100009, 29, '1999-11-17', '289.50', '1999-12-06', 2, 'op rekening', '\r'),
(990400, 100022, 20, '1999-11-17', '13195.00', '1999-11-24', 3, 'vooraf', '\r'),
(990401, 100022, 20, '1999-11-17', '1400.00', '1999-12-15', 1, 'vooraf', '\r'),
(990402, 100013, 26, '1999-11-18', '34238.00', '1999-12-04', 3, 'rembours', '\r'),
(990403, 100008, 23, '1999-11-18', '10828.20', '1999-11-30', 2, 'op rekening', '\r'),
(990404, 100002, 26, '1999-11-18', '18850.00', '1999-12-09', 4, 'vooraf', '\r'),
(990405, 100035, 29, '1999-11-21', '630.00', '1999-12-04', 3, 'op rekening', '\r'),
(990407, 100002, 28, '1999-11-23', '1299.00', '1999-12-22', 3, 'vooraf', '\r'),
(990408, 100015, 24, '1999-11-23', '45.00', '1999-12-29', 4, 'op rekening', '\r'),
(990409, 100011, 26, '1999-11-24', '8235.00', '1999-12-29', 2, 'vooraf', '\r'),
(990410, 100009, 26, '1999-11-25', '18955.00', '1999-12-22', 1, 'op rekening', '\r'),
(990411, 100002, 23, '1999-11-25', '453.00', '1999-12-23', 2, 'vooraf', '\r'),
(990412, 100021, 22, '1999-11-28', '400.00', '1999-12-20', 2, 'op rekening', '\r'),
(990413, 100033, 22, '1999-11-29', '23562.50', '2000-01-08', 2, 'rembours', '\r'),
(990414, 100028, 20, '1999-11-30', '1870.00', '1999-12-17', 3, 'rembours', '\r'),
(990415, 100030, 20, '1999-12-02', '112.00', '2000-01-10', 1, 'rembours', '\r'),
(990416, 100035, 23, '1999-12-02', '1400.00', '1999-12-26', 1, 'op rekening', '\r'),
(990417, 100025, 23, '1999-12-04', '14719.75', '1999-12-14', 2, 'vooraf', '\r'),
(990418, 100012, 20, '1999-12-04', '4200.00', '1999-12-13', 4, 'rembours', '\r'),
(990419, 100028, 23, '1999-12-05', '2480.00', '2000-01-05', 4, 'rembours', '\r'),
(990420, 100026, 23, '1999-12-05', '458.15', '1999-12-17', 3, 'vooraf', '\r'),
(990421, 100004, 24, '1999-12-05', '4080.00', '2000-01-05', 3, 'op rekening', '\r'),
(990422, 100031, 23, '1999-12-06', '9963.00', '1999-12-16', 1, 'op rekening', '\r'),
(990423, 100018, 28, '1999-12-06', '418.20', '2000-01-12', 3, 'rembours', '\r'),
(990424, 100005, 23, '1999-12-07', '180.00', '2000-01-13', 2, 'op rekening', '\r'),
(990425, 100012, 23, '1999-12-07', '2114.00', '2000-01-01', 2, 'rembours', '\r'),
(990426, 100021, 29, '1999-12-07', '555.10', '1999-12-27', 2, 'op rekening', '\r'),
(990427, 100021, 24, '1999-12-09', '400.40', '1999-12-30', 4, 'op rekening', '\r'),
(990428, 100030, 20, '1999-12-10', '4155.00', '1999-12-20', 2, 'rembours', '\r'),
(990429, 100030, 28, '1999-12-10', '618.00', '1999-12-17', 1, 'rembours', '\r'),
(990430, 100025, 23, '1999-12-10', '4250.00', '1999-12-19', 4, 'vooraf', '\r'),
(990431, 100018, 22, '1999-12-10', '2010.00', '2000-01-12', 2, 'rembours', '\r'),
(990432, 100026, 20, '1999-12-10', '331.50', '2000-01-05', 4, 'vooraf', '\r'),
(990433, 100036, 22, '1999-12-10', '8318.95', '1999-12-25', 1, 'vooraf', '\r'),
(990434, 100039, 28, '1999-12-11', '500.00', '2000-01-19', 2, 'rembours', '\r'),
(990435, 100027, 23, '1999-12-11', '2220.40', '1999-12-28', 4, 'op rekening', '\r'),
(990436, 100024, 26, '1999-12-11', '3400.00', '2000-01-12', 2, 'vooraf', '\r'),
(990437, 100039, 29, '1999-12-12', '12400.00', '2000-01-21', 1, 'rembours', '\r'),
(990438, 100024, 28, '1999-12-12', '86.00', '2000-01-20', 3, 'vooraf', '\r'),
(990439, 100015, 23, '1999-12-12', '42490.00', '1999-12-24', 2, 'op rekening', '\r'),
(990440, 100003, 28, '1999-12-12', '1856.40', '2000-01-16', 3, 'vooraf', '\r'),
(990441, 100034, 23, '1999-12-12', '16965.00', '1999-12-24', 3, 'rembours', '\r'),
(990442, 100029, 23, '1999-12-13', '1365.00', '2000-01-04', 1, 'rembours', '\r'),
(990443, 100000, 29, '1999-12-14', '39500.00', '1999-12-25', 3, 'op rekening', '\r'),
(990444, 100007, 29, '1999-12-17', '9639.00', '2000-01-16', 2, 'op rekening', '\r'),
(990445, 100009, 24, '1999-12-17', '9275.00', '2000-01-17', 4, 'op rekening', '\r'),
(990446, 100009, 29, '1999-12-18', '296.00', '2000-01-23', 4, 'op rekening', '\r'),
(990447, 100001, 26, '1999-12-19', '28275.00', '1999-12-28', 3, 'rembours', '\r'),
(990448, 100035, 24, '1999-12-20', '1158.00', '1999-12-29', 4, 'op rekening', '\r'),
(990449, 100039, 22, '1999-12-20', '536.50', '2000-01-23', 1, 'rembours', '\r'),
(990450, 100006, 26, '1999-12-20', '8609.76', '2000-01-25', 4, 'vooraf', '\r'),
(990451, 100020, 26, '1999-12-20', '2699.70', '2000-01-28', 1, 'rembours', '\r'),
(990452, 100039, 29, '1999-12-22', '1694.80', '2000-01-04', 3, 'rembours', '\r'),
(990453, 100020, 22, '1999-12-22', '145.60', '2000-01-07', 2, 'rembours', '\r'),
(990454, 100014, 23, '1999-12-22', '275.00', '2000-01-12', 3, 'rembours', '\r'),
(990455, 100007, 24, '1999-12-22', '20406.50', '2000-01-26', 2, 'op rekening', '\r'),
(990456, 100038, 26, '1999-12-22', '32284.00', '2000-02-01', 2, 'rembours', '\r');

-- --------------------------------------------------------

--
-- Tabelstructuur voor tabel `personeel`
--

CREATE TABLE `personeel` (
  `persnr` int(11) DEFAULT NULL,
  `anaam` varchar(20) DEFAULT NULL,
  `vnaam` varchar(15) DEFAULT NULL,
  `tnaam` varchar(10) DEFAULT NULL,
  `titel` varchar(10) DEFAULT NULL,
  `tstnr` int(11) DEFAULT NULL,
  `straat` varchar(25) DEFAULT NULL,
  `huisnr` varchar(5) DEFAULT NULL,
  `plaats` varchar(25) DEFAULT NULL,
  `postcode` varchar(7) DEFAULT NULL,
  `telpriv` varchar(11) DEFAULT NULL,
  `email` varchar(25) DEFAULT NULL,
  `afdeling` varchar(15) DEFAULT NULL,
  `fte` varchar(20) DEFAULT NULL,
  `startdatum` date DEFAULT NULL,
  `salaris` decimal(10,2) DEFAULT NULL,
  `toeslag` decimal(10,2) DEFAULT NULL,
  `gebdatum` date DEFAULT NULL
) ENGINE=MyISAM DEFAULT CHARSET=latin1;

--
-- Gegevens worden geëxporteerd voor tabel `personeel`
--

INSERT INTO `personeel` (`persnr`, `anaam`, `vnaam`, `tnaam`, `titel`, `tstnr`, `straat`, `huisnr`, `plaats`, `postcode`, `telpriv`, `email`, `afdeling`, `fte`, `startdatum`, `salaris`, `toeslag`, `gebdatum`) VALUES
(20, 'Cohen', 'Martin', '', 'Hr', 11, 'Steenweg', '442', 'Diemen', '1611 GS', '020-7635522', '', 'Verkoop', 'Vertegenwoordiger', '1993-05-12', '46000.00', '0.00', '1971-03-07'),
(21, 'Tiffany', 'Anne', '', 'Mevr', 12, 'Overveense weg', '239', 'Uithoorn', '1766 DD', '079-3679651', '', 'Verkoop', 'Promotie', '1992-05-13', '42000.00', '0.00', '1961-06-03'),
(22, 'Dirksen', 'Mick', '', 'Hr', 13, 'Grote markt', '27A', 'Abcoude', '1913 AD', '081-7432878', '', 'Verkoop', 'Chef verkoop', '1985-05-17', '68000.00', '0.00', '1950-09-13'),
(23, 'Afgusy', 'Audry', '', 'Mevr', 14, 'Bilderdijkstraat', '381', 'Amsterdam', '1112 DA', '020-6763245', '', 'Verkoop', 'Binnendienst', '1985-01-01', '55000.00', '0.00', '1960-07-03'),
(24, 'Adelbrecht', 'Kevin', 'van', 'Hr', 15, 'Maasstraat', '247', 'Amsterdam', '1117 GS', '020-6873219', '', 'Verkoop', 'Binnendienst', '1995-03-01', '68000.00', '0.00', '1979-10-16'),
(25, 'Heidelman', 'Bernie', '', 'Hr', 16, 'Wilhelminalaan', '79', 'Uithoorn', '1768 DE', '079-5432989', '', 'Verkoop', 'Orderverwerking', '1988-02-15', '45000.00', '0.00', '1974-11-11'),
(26, 'Bruin', 'Dick', 'de', 'Drs', 17, 'Amsterdamse straatweg', '778', 'Amstelveen', '1319 PN', '020-7050169', '', 'Verkoop', 'Vertegenwoordiger', '1989-05-07', '52000.00', '4.00', '1971-04-08'),
(27, 'Zacharias', 'Wilhelm', '', 'Hr', 17, 'Weide blik', '56', 'Loosdrecht', '1872 LL', '078-8360560', '', 'Verkoop', 'Orderverwerking', '1993-07-17', '56000.00', '0.00', '1949-12-18'),
(28, 'Derksen', 'Marish', '', 'Mevr', 11, 'Bosweg', '38', 'Amstelveen', '1336 GT', '020-7543071', '', 'Verkoop', 'Binnendienst', '1991-04-18', '51000.00', '3.00', '1956-02-21'),
(29, 'Stoffels', 'Jonas', '', 'Hr', 18, 'Bleekermolen', '149', 'Amstelveen', '1312 HL', '020-6765478', '', 'Verkoop', 'Vertegenwoordiger', '1991-06-02', '54000.00', '2.00', '1969-11-17'),
(32, 'Bierman', 'Ronald', '', 'Hr', 23, 'Beekstraat', '18', 'Amstelveen', '1315 GD', '020-8643265', '', 'Magazijn', 'Medewerker', '1988-08-19', '45000.00', '0.00', '1967-03-12'),
(38, 'Boom', 'Johan', '', 'Hr', 23, 'Huizerstraatweg', '374', 'Naarden', '1943 JL', '035-4909873', '', 'Magazijn', 'Chef', '1985-01-24', '52000.00', '0.00', '1964-09-14'),
(125, 'Doornbos', 'Willy', '', 'Mevr', 6, 'Wilhelminalaan', '67', 'Uithoorn', '1756 GB', '079-7543651', '', 'Administratie', 'Administrateur', '1986-12-02', '74000.00', '0.00', '1973-08-12'),
(156, 'Geluk', 'Emily', '', 'Mevr', 9, 'Hoofdweg', '22', 'Halfweg', '4352 HW', '081-5644699', '', 'Inkoop', 'Inkoper', '1992-01-05', '48000.00', '0.00', '1978-01-09'),
(204, 'Duif', 'Gerard', '', 'Hr', 23, 'Postjesweg', '243', 'Amsterdam', '1113 PW', '020-7543579', '', 'Magazijn', 'Medewerker', '1989-10-09', '48000.00', '0.00', '1958-08-04'),
(214, 'Pot', 'Evelien', '', 'Mevr', 5, 'Julianaweg', '112', 'Uithoorn', '1717 NN', '079-8745342', '', 'Administratie', 'Boekhouding', '1990-11-05', '43000.00', '0.00', '1948-07-07'),
(215, 'Laan', 'Liselot', 'van der', 'Mevr', 1, 'Resedalaan', '158', 'Ouderkerk', '1924 OD', '020-5889763', '', 'Receptie', 'Receptioniste', '1995-08-01', '36000.00', '0.00', '1980-01-04');

--
-- Indexen voor geëxporteerde tabellen
--

--
-- Indexen voor tabel `orders`
--
ALTER TABLE `orders`
  ADD PRIMARY KEY (`ordernr`);